meal_plan_id,student_id,balance,expiry_date
1,916,213.66,2025-01-09
2,1952,57.61,2025-01-12
3,649,206.84,2025-01-24
4,1532,167.40,2025-01-31
5,263,350.74,2025-01-19
6,1281,186.63,2025-01-15
7,2272,367.59,2025-02-06
8,2716,396.24,2025-01-14
9,2125,372.53,2025-02-04
10,2441,425.28,2025-01-20
11,2821,280.50,2025-01-19
12,2425,344.15,2025-02-14
13,2538,318.75,2025-03-08
14,244,462.16,2025-02-26
15,2548,320.06,2025-01-25
16,2365,425.15,2025-02-09
17,1910,79.33,2025-01-25
18,2447,313.14,2025-02-12
19,241,200.83,2025-01-04
20,356,178.10,2025-01-06
21,2037,106.05,2025-01-04
22,1352,448.89,2025-01-11
23,1872,75.17,2025-01-28
24,2429,474.06,2025-01-22
25,848,479.80,2025-03-15
26,2145,286.41,2025-03-07
27,1773,121.69,2025-02-05
28,1274,141.83,2025-01-28
29,2506,455.28,2025-03-14
30,1984,276.02,2025-02-04
31,2326,163.29,2025-03-08
32,1725,313.13,2025-02-27
33,2867,318.98,2025-02-20
34,660,334.71,2025-02-03
35,1184,217.53,2025-01-01
36,827,498.41,2025-03-08
37,236,58.05,2025-01-06
38,2696,323.34,2025-03-05
39,2424,495.15,2025-02-06
40,53,56.00,2025-03-12
41,722,217.25,2025-01-21
42,247,66.08,2025-01-30
43,2916,214.39,2025-02-26
44,664,331.24,2025-02-24
45,2955,460.56,2025-01-02
46,630,65.60,2025-02-24
47,1362,126.30,2025-02-11
48,1464,139.28,2025-01-22
49,1520,221.76,2025-03-15
50,2178,217.85,2025-03-08
51,1825,55.84,2025-03-02
52,2727,464.27,2025-01-07
53,864,192.29,2025-01-28
54,2776,418.50,2025-03-08
55,1058,454.06,2025-01-20
56,1410,184.44,2025-01-19
57,1892,273.69,2025-01-24
58,2368,170.30,2025-01-13
59,343,449.09,2025-02-11
60,276,176.62,2025-03-14
61,1887,330.90,2025-01-22
62,104,486.23,2025-03-08
63,885,267.87,2025-02-27
64,128,304.05,2025-01-02
65,1480,187.30,2025-01-23
66,2360,419.11,2025-02-10
67,15,482.32,2025-02-06
68,1595,303.26,2025-02-06
69,948,390.69,2025-03-12
70,2953,284.04,2025-01-15
71,1982,192.96,2025-02-24
72,2244,455.80,2025-03-06
73,2885,299.88,2025-02-13
74,2370,435.29,2025-03-15
75,708,279.29,2025-02-06
76,359,168.77,2025-01-31
77,1504,115.77,2025-02-25
78,1971,408.29,2025-02-10
79,1805,76.71,2025-02-22
80,509,179.07,2025-03-08
81,2316,135.78,2025-01-02
82,2969,114.15,2025-03-05
83,2184,208.10,2025-02-02
84,18,225.36,2025-01-22
85,2564,110.41,2025-01-26
86,716,102.67,2025-01-28
87,2654,231.33,2025-02-25
88,565,344.22,2025-01-15
89,2417,339.97,2025-02-17
90,1896,219.88,2025-02-13
91,1020,332.59,2025-01-30
92,2391,224.88,2025-02-21
93,2281,387.70,2025-03-04
94,468,444.99,2025-01-20
95,2704,305.81,2025-01-13
96,1273,151.92,2025-02-19
97,2683,303.27,2025-01-26
98,2408,425.34,2025-03-01
99,275,388.53,2025-01-18
100,1611,260.91,2025-02-04
101,1270,441.98,2025-01-17
102,621,111.94,2025-01-24
103,1428,497.53,2025-03-15
104,1140,81.60,2025-03-10
105,2743,305.52,2025-03-03
106,770,328.82,2025-01-17
107,1595,454.76,2025-02-04
108,4,185.53,2025-02-20
109,2525,309.69,2025-02-02
110,99,480.30,2025-01-23
111,1931,454.17,2025-02-14
112,2950,404.71,2025-03-09
113,2988,221.69,2025-02-24
114,381,210.57,2025-01-26
115,2560,209.89,2025-02-20
116,1984,238.29,2025-03-14
117,714,166.77,2025-01-18
118,678,313.94,2025-01-16
119,1127,321.43,2025-02-22
120,2077,244.28,2025-01-23
121,1714,177.21,2025-02-04
122,1989,142.04,2025-02-23
123,1315,89.01,2025-01-17
124,2432,499.01,2025-03-03
125,1766,203.27,2025-01-20
126,1890,326.26,2025-01-12
127,2785,140.71,2025-02-05
128,1960,282.07,2025-01-05
129,1770,225.87,2025-02-02
130,2237,330.53,2025-01-09
131,492,168.29,2025-02-06
132,2041,195.67,2025-01-07
133,959,433.41,2025-01-14
134,2782,465.19,2025-03-01
135,1523,353.49,2025-01-09
136,2686,100.00,2025-02-10
137,225,426.68,2025-01-15
138,366,329.32,2025-02-12
139,2660,415.23,2025-02-12
140,2294,408.34,2025-03-14
141,2875,348.98,2025-01-06
142,1418,74.12,2025-03-01
143,14,201.80,2025-02-16
144,533,254.46,2025-03-05
145,1910,357.34,2025-01-30
146,577,151.23,2025-02-07
147,2572,249.10,2025-03-12
148,951,298.99,2025-02-19
149,2118,203.10,2025-01-31
150,2541,120.75,2025-03-15
151,2515,354.71,2025-01-31
152,1560,222.29,2025-01-20
153,1346,127.37,2025-02-03
154,750,383.43,2025-02-08
155,2118,372.03,2025-02-07
156,2909,413.85,2025-03-08
157,2144,483.39,2025-02-18
158,467,121.08,2025-03-05
159,2835,401.79,2025-01-15
160,277,485.21,2025-02-21
161,347,367.52,2025-02-26
162,2137,105.15,2025-01-05
163,2823,489.35,2025-03-01
164,969,416.35,2025-01-29
165,1606,461.60,2025-03-09
166,2073,53.63,2025-02-01
167,371,78.78,2025-02-22
168,1481,283.70,2025-02-02
169,136,354.79,2025-03-05
170,2533,453.27,2025-01-14
171,338,137.09,2025-02-12
172,2579,409.26,2025-01-21
173,2238,373.38,2025-02-15
174,1513,405.61,2025-03-13
175,1875,135.85,2025-02-19
176,1982,391.02,2025-02-18
177,1916,90.90,2025-03-12
178,741,62.81,2025-01-20
179,157,71.67,2025-01-14
180,2067,171.47,2025-01-31
181,1884,212.32,2025-02-06
182,243,455.68,2025-01-17
183,1690,72.64,2025-02-20
184,2523,459.66,2025-03-11
185,2857,102.00,2025-01-01
186,2560,281.59,2025-01-04
187,1458,381.69,2025-01-24
188,132,270.00,2025-03-12
189,841,433.69,2025-03-02
190,888,304.95,2025-01-09
191,59,61.86,2025-03-08
192,2140,173.21,2025-02-25
193,535,484.22,2025-02-10
194,1655,264.07,2025-01-07
195,295,297.44,2025-02-16
196,46,328.11,2025-01-26
197,2619,431.26,2025-03-07
198,803,380.96,2025-02-10
199,1662,224.69,2025-02-12
200,116,322.02,2025-01-29
201,1278,154.50,2025-02-21
202,1084,455.07,2025-01-29
203,2010,63.30,2025-02-03
204,2581,156.50,2025-01-06
205,2162,346.22,2025-03-06
206,709,359.68,2025-01-05
207,617,343.67,2025-02-07
208,655,456.86,2025-03-06
209,1974,359.23,2025-01-14
210,242,469.87,2025-02-20
211,1270,442.22,2025-01-13
212,425,109.13,2025-01-06
213,2855,193.53,2025-03-07
214,1348,52.45,2025-02-02
215,2799,329.03,2025-03-04
216,735,221.71,2025-01-23
217,2796,259.40,2025-01-03
218,1697,344.99,2025-02-02
219,2448,349.84,2025-01-27
220,371,309.83,2025-02-24
221,2874,264.07,2025-03-13
222,1045,321.35,2025-03-12
223,473,405.94,2025-01-15
224,1294,70.01,2025-01-04
225,2542,95.69,2025-02-17
226,2209,210.28,2025-02-01
227,1313,293.16,2025-01-28
228,964,353.98,2025-02-08
229,2313,218.89,2025-03-10
230,913,466.95,2025-01-02
231,2142,344.88,2025-02-17
232,2649,495.40,2025-02-02
233,1622,253.01,2025-01-09
234,2080,496.43,2025-01-04
235,1661,334.02,2025-01-16
236,562,139.09,2025-03-04
237,913,386.32,2025-01-10
238,2798,142.81,2025-01-31
239,1473,447.32,2025-01-11
240,391,55.27,2025-02-04
241,1577,244.54,2025-02-12
242,2613,344.45,2025-02-01
243,945,254.10,2025-01-14
244,2913,115.50,2025-01-30
245,2576,350.02,2025-02-01
246,469,98.15,2025-02-03
247,463,214.11,2025-01-15
248,2460,408.61,2025-02-08
249,1371,300.86,2025-01-15
250,755,180.63,2025-01-26
251,2486,193.77,2025-01-28
252,739,364.01,2025-02-23
253,2770,437.47,2025-02-23
254,208,340.19,2025-01-11
255,836,211.12,2025-02-10
256,2967,456.05,2025-02-25
257,1593,190.94,2025-03-07
258,2220,247.66,2025-03-13
259,691,435.98,2025-01-07
260,76,400.62,2025-02-25
261,1566,291.05,2025-02-06
262,305,474.07,2025-01-02
263,531,158.79,2025-03-04
264,60,275.30,2025-03-02
265,1971,84.70,2025-02-17
266,2222,302.44,2025-01-21
267,1629,179.23,2025-03-14
268,1379,330.89,2025-02-07
269,1171,209.36,2025-01-19
270,1110,135.31,2025-01-11
271,584,145.27,2025-01-28
272,1296,161.17,2025-01-07
273,1552,155.32,2025-01-25
274,78,58.27,2025-03-11
275,735,133.35,2025-02-02
276,1624,227.12,2025-03-14
277,1710,265.63,2025-02-22
278,2387,482.07,2025-01-30
279,1883,168.87,2025-03-04
280,2670,345.80,2025-02-07
281,2096,117.39,2025-01-28
282,2805,223.68,2025-01-21
283,2129,257.56,2025-03-11
284,1749,161.12,2025-02-09
285,1719,432.01,2025-01-07
286,2252,79.85,2025-01-06
287,2088,477.45,2025-01-04
288,1649,118.09,2025-03-11
289,1751,207.49,2025-02-21
290,1447,289.54,2025-02-22
291,1028,70.04,2025-02-08
292,1515,272.14,2025-01-12
293,670,389.34,2025-01-01
294,2121,366.51,2025-01-22
295,1998,377.42,2025-03-11
296,507,371.47,2025-02-09
297,2390,204.23,2025-02-12
298,648,358.90,2025-03-12
299,1338,52.90,2025-01-03
300,2331,135.76,2025-02-06
301,2780,252.31,2025-01-27
302,1772,378.04,2025-02-04
303,2734,347.89,2025-03-01
304,1372,231.87,2025-02-22
305,1396,449.70,2025-02-09
306,1511,316.42,2025-01-04
307,1141,306.19,2025-01-17
308,693,259.06,2025-03-03
309,1722,155.59,2025-01-08
310,1820,296.35,2025-01-15
311,1054,221.82,2025-01-22
312,2663,152.09,2025-02-15
313,2663,207.02,2025-01-19
314,1041,250.41,2025-03-05
315,717,148.66,2025-02-19
316,945,448.99,2025-01-28
317,2905,466.10,2025-02-22
318,1542,127.70,2025-01-07
319,2342,233.06,2025-02-09
320,1393,258.74,2025-02-23
321,1365,82.47,2025-03-03
322,2565,133.46,2025-03-13
323,2909,101.69,2025-02-15
324,574,108.58,2025-03-05
325,2802,263.88,2025-01-16
326,1778,70.19,2025-02-06
327,616,318.66,2025-03-14
328,2758,332.23,2025-01-12
329,2167,453.93,2025-03-06
330,2862,398.23,2025-01-18
331,2028,226.38,2025-01-17
332,1441,428.73,2025-01-30
333,2520,499.85,2025-01-12
334,267,454.59,2025-02-08
335,2045,374.45,2025-01-21
336,2162,195.88,2025-01-19
337,867,481.45,2025-01-12
338,261,124.40,2025-01-13
339,457,412.51,2025-02-10
340,2073,134.20,2025-02-13
341,567,138.59,2025-02-11
342,1161,325.14,2025-01-25
343,1308,180.69,2025-01-19
344,1331,357.92,2025-03-14
345,1342,165.82,2025-02-01
346,1301,499.19,2025-01-12
347,159,359.94,2025-03-10
348,907,192.02,2025-01-17
349,1975,188.93,2025-03-08
350,259,376.36,2025-03-13
351,1834,175.89,2025-03-03
352,381,205.12,2025-01-24
353,1351,355.80,2025-03-10
354,2613,413.63,2025-01-31
355,2283,236.83,2025-01-02
356,2192,347.40,2025-02-08
357,1941,123.37,2025-02-23
358,1421,122.24,2025-01-05
359,334,314.99,2025-01-28
360,2208,246.28,2025-02-17
361,1765,322.15,2025-03-03
362,1802,377.25,2025-01-16
363,1673,432.23,2025-03-06
364,2886,368.73,2025-01-24
365,2939,332.63,2025-01-19
366,2113,82.21,2025-02-24
367,1408,50.01,2025-01-25
368,1032,56.56,2025-01-16
369,1074,498.20,2025-01-27
370,2806,162.77,2025-02-11
371,1935,201.51,2025-02-12
372,2663,336.12,2025-02-17
373,1050,197.19,2025-02-09
374,1991,497.01,2025-01-05
375,2720,72.14,2025-01-26
376,55,417.09,2025-01-08
377,989,223.00,2025-01-02
378,2205,105.01,2025-02-12
379,2683,485.90,2025-02-02
380,518,127.56,2025-01-16
381,766,197.24,2025-01-03
382,2630,385.42,2025-02-27
383,432,476.84,2025-01-22
384,374,198.30,2025-01-14
385,2218,319.74,2025-02-15
386,2301,434.73,2025-03-03
387,1507,484.38,2025-03-02
388,788,226.32,2025-01-06
389,603,477.16,2025-02-02
390,119,230.06,2025-03-10
391,522,317.39,2025-01-30
392,2731,307.71,2025-02-21
393,1489,128.53,2025-01-15
394,583,389.51,2025-01-19
395,131,431.52,2025-01-21
396,1499,273.49,2025-03-10
397,1394,335.20,2025-01-10
398,1805,59.18,2025-01-17
399,1421,395.67,2025-02-14
400,1529,83.97,2025-03-03
401,2884,251.51,2025-02-28
402,2993,476.22,2025-01-23
403,2486,272.46,2025-02-13
404,117,473.05,2025-02-07
405,1603,444.39,2025-02-15
406,1584,155.57,2025-02-08
407,1528,179.03,2025-02-01
408,2577,329.28,2025-01-29
409,183,417.80,2025-01-24
410,1499,372.48,2025-01-15
411,898,434.77,2025-01-25
412,347,455.75,2025-03-09
413,590,451.02,2025-02-04
414,1683,496.37,2025-03-13
415,885,88.67,2025-01-05
416,1358,130.85,2025-01-27
417,1155,116.87,2025-02-13
418,2276,339.88,2025-03-10
419,2970,292.68,2025-01-24
420,1372,134.14,2025-03-10
421,1335,498.40,2025-03-07
422,65,415.18,2025-03-15
423,991,462.43,2025-01-23
424,2210,111.61,2025-02-05
425,245,427.03,2025-02-25
426,1140,475.11,2025-01-30
427,514,366.97,2025-01-20
428,2728,53.33,2025-03-09
429,36,254.83,2025-01-19
430,2295,86.02,2025-02-19
431,1947,401.10,2025-02-16
432,80,198.59,2025-01-19
433,147,67.45,2025-01-08
434,2925,312.24,2025-03-12
435,385,398.54,2025-03-14
436,749,150.02,2025-02-12
437,2901,95.82,2025-02-13
438,296,478.83,2025-03-02
439,180,129.18,2025-02-21
440,148,165.80,2025-01-01
441,1659,265.96,2025-01-27
442,1069,358.88,2025-02-18
443,1422,158.23,2025-01-30
444,1570,438.32,2025-02-04
445,1144,164.42,2025-03-10
446,1725,288.53,2025-01-07
447,2636,368.48,2025-01-01
448,1851,125.15,2025-01-30
449,492,383.88,2025-02-21
450,2822,66.67,2025-02-08
451,2025,320.74,2025-01-25
452,2636,223.58,2025-01-04
453,2650,180.47,2025-02-17
454,1431,308.69,2025-01-14
455,2193,130.98,2025-02-15
456,869,374.89,2025-01-11
457,2272,217.62,2025-02-27
458,588,79.71,2025-01-22
459,283,318.47,2025-01-19
460,228,139.44,2025-03-11
461,1012,404.82,2025-01-16
462,277,58.86,2025-01-11
463,2429,495.84,2025-02-05
464,372,346.47,2025-01-20
465,2759,108.78,2025-03-02
466,1584,326.68,2025-01-22
467,1614,102.78,2025-01-14
468,1982,140.58,2025-03-09
469,1678,306.55,2025-02-07
470,1757,413.82,2025-01-28
471,2691,101.32,2025-02-15
472,2632,439.04,2025-01-03
473,2731,418.12,2025-02-18
474,537,429.90,2025-03-13
475,2845,220.04,2025-01-09
476,1907,72.24,2025-03-08
477,853,78.79,2025-01-17
478,2133,473.50,2025-03-12
479,247,158.23,2025-03-14
480,2828,335.11,2025-02-01
481,1195,437.08,2025-03-13
482,1592,51.86,2025-01-05
483,141,495.40,2025-02-02
484,858,466.26,2025-03-04
485,1585,332.68,2025-01-25
486,3,385.31,2025-03-08
487,2608,420.88,2025-01-17
488,579,323.36,2025-02-02
489,450,495.97,2025-01-06
490,204,430.22,2025-03-09
491,2243,258.23,2025-01-26
492,202,138.18,2025-01-29
493,1591,453.29,2025-01-15
494,2851,80.04,2025-02-13
495,1607,249.38,2025-01-14
496,5,429.97,2025-03-05
497,1315,382.93,2025-01-15
498,2962,194.44,2025-02-08
499,2910,384.23,2025-03-08
500,849,267.19,2025-02-05
501,1491,376.30,2025-02-24
502,505,139.55,2025-01-09
503,1544,463.25,2025-01-13
504,2056,131.23,2025-01-14
505,1389,99.68,2025-03-13
506,2852,181.89,2025-03-04
507,2996,100.21,2025-03-05
508,2370,243.74,2025-03-11
509,2808,471.49,2025-02-11
510,2003,452.42,2025-03-15
511,2251,472.44,2025-01-29
512,1543,115.38,2025-02-10
513,2689,331.00,2025-01-01
514,1501,101.98,2025-01-18
515,1371,208.71,2025-01-21
516,2084,474.33,2025-02-05
517,1447,99.05,2025-03-08
518,2225,118.29,2025-03-04
519,926,230.60,2025-02-05
520,2496,271.67,2025-02-11
521,194,76.86,2025-01-15
522,2250,389.85,2025-01-21
523,1421,218.09,2025-01-07
524,1891,237.47,2025-01-31
525,2374,493.01,2025-03-09
526,1457,319.93,2025-02-08
527,754,459.72,2025-01-08
528,950,411.20,2025-03-10
529,1092,314.52,2025-02-14
530,459,497.66,2025-01-11
531,675,156.76,2025-02-04
532,1092,407.35,2025-02-03
533,2552,185.86,2025-01-12
534,1433,493.97,2025-03-02
535,183,475.36,2025-01-07
536,1730,131.58,2025-02-03
537,2391,493.72,2025-01-14
538,2248,264.42,2025-01-03
539,1028,453.69,2025-01-17
540,1400,354.99,2025-01-12
541,1436,141.51,2025-02-28
542,445,235.56,2025-01-03
543,1405,472.69,2025-01-22
544,1481,153.61,2025-02-12
545,1975,263.97,2025-02-07
546,1074,70.86,2025-01-03
547,60,353.60,2025-02-16
548,460,483.13,2025-01-21
549,36,376.05,2025-03-01
550,176,487.41,2025-01-19
551,2823,121.10,2025-03-15
552,2784,149.41,2025-02-22
553,270,455.76,2025-02-07
554,2840,243.56,2025-01-27
555,1788,364.17,2025-01-27
556,2566,246.74,2025-03-06
557,2000,321.45,2025-02-03
558,1623,296.95,2025-02-13
559,2007,188.98,2025-02-24
560,790,256.86,2025-02-12
561,2487,362.46,2025-02-20
562,2485,168.28,2025-01-29
563,2796,273.33,2025-01-11
564,118,226.21,2025-01-18
565,781,472.21,2025-01-25
566,341,374.85,2025-02-07
567,2266,286.52,2025-01-12
568,2322,402.18,2025-02-27
569,977,381.69,2025-02-08
570,2363,158.77,2025-02-28
571,2962,123.18,2025-02-13
572,2214,488.88,2025-02-13
573,384,314.32,2025-03-11
574,1496,486.98,2025-03-12
575,112,388.79,2025-02-07
576,2719,424.98,2025-02-03
577,1163,323.64,2025-02-22
578,798,484.93,2025-01-01
579,1237,239.86,2025-03-07
580,1662,499.26,2025-01-05
581,548,388.57,2025-03-15
582,670,418.09,2025-03-11
583,669,87.60,2025-02-27
584,2610,339.54,2025-02-27
585,153,191.78,2025-01-11
586,2807,326.18,2025-02-26
587,1147,58.87,2025-01-19
588,2628,233.37,2025-01-07
589,2907,326.95,2025-02-26
590,478,227.52,2025-01-20
591,2795,374.44,2025-01-08
592,2180,274.34,2025-02-03
593,2506,81.94,2025-01-28
594,33,393.83,2025-01-30
595,2781,480.67,2025-03-13
596,2475,240.36,2025-02-16
597,1990,227.37,2025-02-12
598,2854,298.88,2025-01-12
599,2304,431.98,2025-01-03
600,2760,57.56,2025-01-15
601,1591,219.86,2025-03-06
602,1042,369.14,2025-01-28
603,1388,288.72,2025-02-27
604,2849,402.21,2025-02-15
605,2979,230.82,2025-03-11
606,852,142.33,2025-02-23
607,257,443.03,2025-02-26
608,1139,217.34,2025-01-15
609,711,102.92,2025-02-23
610,2446,77.71,2025-01-10
611,2157,371.99,2025-02-27
612,1773,494.71,2025-01-28
613,2536,480.47,2025-01-26
614,381,347.17,2025-02-17
615,1486,259.03,2025-02-16
616,1902,87.18,2025-02-04
617,2066,352.86,2025-03-03
618,964,490.49,2025-02-08
619,1921,190.76,2025-01-08
620,1388,341.63,2025-01-29
621,753,471.41,2025-03-05
622,777,61.25,2025-02-14
623,619,58.24,2025-01-13
624,1608,354.44,2025-01-04
625,692,407.40,2025-01-15
626,2523,91.99,2025-02-14
627,644,244.42,2025-02-18
628,679,260.99,2025-01-29
629,1235,268.55,2025-01-07
630,2574,71.64,2025-02-04
631,1999,53.81,2025-01-30
632,1090,401.41,2025-02-10
633,2108,293.40,2025-01-20
634,1881,106.22,2025-01-02
635,1804,313.00,2025-03-04
636,2131,180.17,2025-01-26
637,2587,450.23,2025-01-26
638,2865,372.04,2025-02-07
639,1180,210.30,2025-01-03
640,2554,494.44,2025-01-26
641,2,464.63,2025-03-14
642,650,150.59,2025-01-31
643,2947,368.25,2025-01-28
644,2866,321.66,2025-01-16
645,355,398.46,2025-02-22
646,2321,132.72,2025-01-08
647,415,119.94,2025-01-27
648,248,68.19,2025-02-24
649,1321,149.62,2025-03-04
650,2989,122.18,2025-01-29
651,1287,231.95,2025-02-01
652,1234,306.63,2025-03-08
653,154,266.51,2025-03-01
654,6,353.70,2025-02-20
655,1032,230.94,2025-01-09
656,882,131.70,2025-03-15
657,1007,244.16,2025-03-13
658,926,407.25,2025-03-15
659,2759,310.19,2025-02-09
660,152,466.52,2025-01-16
661,1256,103.52,2025-01-07
662,2995,343.69,2025-02-14
663,1365,207.58,2025-01-25
664,1047,147.87,2025-02-16
665,1625,437.81,2025-01-08
666,1626,191.72,2025-01-13
667,2954,402.24,2025-01-01
668,602,137.37,2025-01-23
669,782,237.94,2025-02-02
670,1609,148.59,2025-03-06
671,1766,452.34,2025-01-02
672,526,296.57,2025-02-25
673,466,469.30,2025-01-19
674,653,168.89,2025-01-20
675,1682,452.30,2025-02-05
676,2375,362.60,2025-01-18
677,2626,105.94,2025-02-18
678,1236,448.12,2025-02-03
679,1754,442.36,2025-01-27
680,671,280.47,2025-01-21
681,2758,473.08,2025-01-13
682,1599,174.73,2025-01-15
683,2625,382.74,2025-02-24
684,2000,215.40,2025-02-05
685,2613,140.66,2025-01-02
686,323,271.44,2025-01-25
687,2377,361.16,2025-02-18
688,1215,153.42,2025-03-10
689,1341,294.92,2025-01-07
690,1091,457.56,2025-03-07
691,2854,459.22,2025-01-28
692,1799,350.20,2025-03-09
693,2020,284.38,2025-01-07
694,2881,124.21,2025-01-30
695,1510,313.35,2025-02-11
696,2500,117.66,2025-02-09
697,2108,96.70,2025-01-24
698,1699,207.43,2025-03-05
699,804,356.04,2025-03-10
700,65,385.02,2025-01-19
701,2376,59.28,2025-01-12
702,758,387.81,2025-02-25
703,24,275.05,2025-01-27
704,2975,140.04,2025-02-21
705,88,360.20,2025-01-09
706,2961,264.34,2025-02-16
707,1667,225.90,2025-02-13
708,1179,165.03,2025-01-08
709,1940,127.21,2025-03-09
710,401,343.88,2025-02-25
711,26,109.16,2025-01-30
712,1710,132.93,2025-03-14
713,13,457.19,2025-02-07
714,511,267.08,2025-02-04
715,1019,430.75,2025-02-01
716,138,494.64,2025-03-11
717,922,118.53,2025-02-13
718,2851,223.11,2025-01-13
719,828,414.32,2025-02-21
720,1381,333.63,2025-01-24
721,2149,201.92,2025-03-06
722,1015,360.81,2025-01-29
723,44,120.95,2025-02-10
724,2114,434.98,2025-01-23
725,2955,393.64,2025-03-06
726,958,435.69,2025-01-29
727,2759,437.79,2025-01-02
728,2905,486.48,2025-02-01
729,624,424.96,2025-02-04
730,1451,304.00,2025-03-02
731,687,420.28,2025-02-23
732,1369,253.81,2025-01-02
733,2192,201.19,2025-01-09
734,2942,349.67,2025-02-26
735,2078,195.64,2025-02-22
736,1950,354.29,2025-02-05
737,325,281.92,2025-02-12
738,2682,130.48,2025-02-05
739,1573,230.21,2025-02-07
740,1563,471.88,2025-01-09
741,121,164.01,2025-02-03
742,51,175.72,2025-01-26
743,334,402.70,2025-03-13
744,1538,437.79,2025-02-13
745,550,428.85,2025-03-02
746,947,345.23,2025-03-07
747,1379,128.06,2025-01-04
748,2828,359.90,2025-02-19
749,1360,262.51,2025-01-31
750,463,426.78,2025-01-11
751,2747,247.08,2025-02-05
752,2930,152.54,2025-02-25
753,1769,230.20,2025-01-04
754,2975,190.46,2025-01-20
755,1319,347.48,2025-01-13
756,2854,277.30,2025-03-11
757,1510,279.64,2025-01-04
758,2515,288.53,2025-01-21
759,2192,145.83,2025-01-12
760,2114,444.18,2025-01-15
761,1093,51.08,2025-02-04
762,1848,497.77,2025-02-18
763,1095,377.14,2025-02-01
764,2632,54.92,2025-01-12
765,2772,323.82,2025-02-06
766,571,218.26,2025-03-10
767,1701,395.12,2025-01-05
768,1598,207.19,2025-02-02
769,1395,495.12,2025-02-23
770,1551,375.06,2025-02-19
771,1526,492.69,2025-03-05
772,1504,225.27,2025-01-28
773,135,240.88,2025-02-14
774,2247,129.39,2025-02-16
775,58,296.94,2025-01-20
776,1868,308.40,2025-02-21
777,717,372.69,2025-01-29
778,2771,181.20,2025-01-11
779,1494,55.35,2025-01-09
780,472,92.97,2025-01-24
781,2728,119.98,2025-02-08
782,2298,497.74,2025-01-04
783,807,357.24,2025-01-22
784,2651,181.61,2025-01-23
785,78,479.35,2025-01-12
786,309,324.52,2025-03-03
787,1585,389.85,2025-03-14
788,1989,232.04,2025-03-13
789,2217,297.09,2025-01-26
790,2060,163.57,2025-02-17
791,2312,302.96,2025-01-18
792,2059,478.30,2025-02-04
793,671,266.60,2025-02-16
794,2340,284.82,2025-01-11
795,1539,365.42,2025-03-04
796,678,335.25,2025-02-05
797,1076,421.14,2025-01-31
798,996,428.14,2025-03-08
799,221,212.93,2025-02-25
800,1026,92.25,2025-01-29
801,1351,464.00,2025-03-12
802,2819,138.85,2025-01-29
803,1636,275.88,2025-02-16
804,2698,243.44,2025-02-15
805,1307,167.98,2025-02-23
806,673,203.42,2025-01-31
807,1624,312.15,2025-01-10
808,1034,74.95,2025-03-07
809,532,102.66,2025-01-25
810,1709,478.99,2025-03-02
811,409,118.99,2025-01-27
812,1100,285.78,2025-01-20
813,809,319.54,2025-02-02
814,126,323.75,2025-03-02
815,2074,441.48,2025-03-07
816,1926,304.54,2025-01-02
817,1246,277.23,2025-03-07
818,1009,314.01,2025-02-07
819,126,143.31,2025-03-07
820,599,302.71,2025-01-12
821,2995,431.33,2025-03-01
822,937,258.98,2025-01-12
823,351,234.33,2025-01-30
824,1189,343.69,2025-02-23
825,1714,225.31,2025-02-25
826,2013,120.71,2025-02-03
827,1450,233.71,2025-03-01
828,56,440.83,2025-02-02
829,2337,253.85,2025-02-11
830,2577,489.65,2025-02-13
831,231,189.25,2025-01-02
832,1177,305.26,2025-03-08
833,2380,444.41,2025-01-02
834,1780,406.98,2025-01-04
835,470,378.48,2025-03-06
836,717,174.19,2025-03-10
837,2918,205.01,2025-02-07
838,2425,408.75,2025-01-04
839,2457,230.24,2025-03-07
840,2802,426.25,2025-02-03
841,1216,494.10,2025-01-06
842,2923,183.18,2025-02-23
843,1254,495.49,2025-03-09
844,544,57.59,2025-01-22
845,1236,61.81,2025-03-12
846,824,210.92,2025-02-20
847,683,230.85,2025-02-21
848,1286,150.59,2025-03-03
849,2243,247.06,2025-02-15
850,2122,178.54,2025-01-04
851,2300,480.61,2025-02-25
852,2534,446.51,2025-01-21
853,1186,238.15,2025-01-16
854,2808,183.17,2025-02-27
855,322,157.02,2025-02-11
856,163,297.60,2025-02-16
857,1746,160.59,2025-01-20
858,1494,301.98,2025-01-09
859,1761,354.21,2025-02-25
860,773,441.80,2025-01-03
861,2126,235.66,2025-02-21
862,432,107.11,2025-02-04
863,755,157.09,2025-03-04
864,1057,326.57,2025-02-16
865,1596,312.21,2025-01-03
866,2154,202.06,2025-02-23
867,2468,344.83,2025-01-24
868,2715,249.59,2025-01-16
869,905,459.77,2025-03-14
870,1709,173.85,2025-02-11
871,433,340.98,2025-02-13
872,2863,153.42,2025-01-06
873,2307,270.14,2025-01-29
874,1596,153.14,2025-01-08
875,2356,251.62,2025-02-12
876,2431,387.22,2025-02-23
877,1875,121.96,2025-02-21
878,890,124.55,2025-01-02
879,2472,168.13,2025-02-15
880,1438,238.93,2025-02-13
881,2469,462.94,2025-01-10
882,2629,401.22,2025-02-06
883,1468,413.81,2025-01-12
884,1367,498.45,2025-03-13
885,1624,168.27,2025-03-14
886,1616,267.41,2025-01-12
887,2150,72.24,2025-02-19
888,2700,313.42,2025-03-15
889,1424,282.96,2025-02-04
890,593,471.93,2025-01-13
891,432,313.14,2025-01-07
892,1368,381.03,2025-03-07
893,1229,477.17,2025-02-09
894,937,98.31,2025-01-24
895,2111,482.57,2025-01-04
896,526,198.19,2025-02-03
897,544,99.71,2025-02-04
898,474,295.26,2025-02-16
899,187,337.13,2025-01-07
900,462,438.12,2025-01-09
901,550,494.70,2025-02-20
902,1048,475.66,2025-02-05
903,1842,340.81,2025-01-09
904,1662,287.72,2025-03-11
905,916,352.59,2025-01-10
906,2168,262.85,2025-01-22
907,667,173.85,2025-03-11
908,717,55.21,2025-01-21
909,952,377.82,2025-01-11
910,2400,168.73,2025-02-12
911,1343,461.04,2025-02-08
912,1854,54.71,2025-02-22
913,1164,196.77,2025-02-10
914,2410,397.77,2025-01-31
915,999,362.56,2025-01-15
916,684,216.51,2025-02-06
917,913,297.65,2025-03-04
918,2605,155.74,2025-02-04
919,1403,353.54,2025-02-04
920,526,267.88,2025-02-26
921,17,125.36,2025-01-16
922,1324,408.69,2025-01-05
923,762,171.69,2025-02-15
924,2225,483.46,2025-02-19
925,790,435.13,2025-03-13
926,135,298.22,2025-02-11
927,753,286.51,2025-03-01
928,315,331.84,2025-02-23
929,2643,496.40,2025-02-09
930,2215,343.21,2025-01-01
931,1854,169.77,2025-01-20
932,377,166.43,2025-01-08
933,2786,117.32,2025-02-13
934,1726,244.62,2025-02-22
935,2516,188.47,2025-01-05
936,1455,267.23,2025-01-13
937,295,194.36,2025-02-27
938,2416,490.92,2025-02-12
939,727,141.96,2025-02-07
940,2844,414.54,2025-02-15
941,2843,345.36,2025-02-04
942,2150,475.50,2025-02-28
943,2196,125.44,2025-01-21
944,2596,66.02,2025-01-22
945,2468,374.58,2025-03-09
946,2694,286.44,2025-02-22
947,113,183.21,2025-03-04
948,1248,196.24,2025-02-06
949,1218,58.09,2025-02-25
950,1585,154.14,2025-03-05
951,1826,98.40,2025-03-14
952,2238,72.62,2025-01-23
953,2867,133.32,2025-01-10
954,687,191.83,2025-01-06
955,36,349.88,2025-02-01
956,1361,60.48,2025-01-14
957,1659,100.93,2025-01-19
958,2832,155.70,2025-02-04
959,2846,200.83,2025-02-18
960,15,482.12,2025-03-04
961,23,431.79,2025-01-31
962,1400,312.49,2025-02-19
963,2222,359.77,2025-02-12
964,792,182.88,2025-01-02
965,1619,169.67,2025-01-17
966,592,446.65,2025-01-15
967,2533,308.36,2025-03-14
968,401,51.39,2025-03-15
969,981,188.88,2025-03-11
970,1221,70.51,2025-02-01
971,800,208.62,2025-03-04
972,67,133.24,2025-02-03
973,2000,410.24,2025-01-23
974,34,173.72,2025-01-01
975,536,380.74,2025-02-06
976,723,386.84,2025-01-16
977,487,309.99,2025-01-18
978,691,300.90,2025-02-02
979,277,223.40,2025-01-05
980,1559,104.70,2025-01-06
981,817,367.17,2025-01-19
982,1992,288.99,2025-01-24
983,1447,146.72,2025-02-09
984,211,295.91,2025-01-08
985,1117,435.87,2025-02-13
986,2413,481.98,2025-02-24
987,1419,260.67,2025-01-08
988,56,437.77,2025-01-31
989,2883,427.32,2025-01-06
990,1732,303.08,2025-02-08
991,2364,274.60,2025-03-07
992,648,191.74,2025-01-14
993,300,69.90,2025-01-01
994,70,383.17,2025-01-14
995,1901,269.40,2025-02-11
996,2040,470.47,2025-02-15
997,2109,175.83,2025-01-31
998,412,409.28,2025-03-15
999,976,160.34,2025-02-24
1000,2155,346.21,2025-03-01
1001,785,175.62,2025-03-11
1002,2470,65.57,2025-03-15
1003,2510,124.95,2025-01-16
1004,1107,78.35,2025-01-13
1005,2876,464.57,2025-03-09
1006,1270,286.84,2025-01-13
1007,1117,174.49,2025-01-25
1008,2134,274.87,2025-01-05
1009,2244,186.58,2025-02-07
1010,2324,183.61,2025-01-25
1011,940,171.70,2025-03-12
1012,1524,476.38,2025-03-14
1013,54,494.78,2025-02-14
1014,1651,232.56,2025-01-27
1015,252,300.21,2025-03-04
1016,1634,494.24,2025-01-11
1017,2905,186.25,2025-01-23
1018,409,392.69,2025-03-13
1019,1841,293.48,2025-02-17
1020,343,414.19,2025-01-16
1021,1095,294.06,2025-01-20
1022,1125,192.89,2025-02-03
1023,1469,382.63,2025-01-04
1024,1726,88.67,2025-01-10
1025,312,492.44,2025-01-19
1026,651,347.14,2025-01-01
1027,1194,114.60,2025-01-23
1028,2603,243.77,2025-01-16
1029,2281,80.30,2025-02-02
1030,2359,209.10,2025-01-14
1031,464,51.20,2025-01-02
1032,37,172.93,2025-01-10
1033,1252,479.10,2025-03-06
1034,2658,386.74,2025-02-18
1035,2161,349.77,2025-01-29
1036,188,324.80,2025-02-23
1037,202,252.18,2025-02-27
1038,2502,153.22,2025-01-28
1039,1072,172.25,2025-01-26
1040,1131,97.82,2025-01-22
1041,2806,207.74,2025-02-28
1042,1122,105.94,2025-02-18
1043,362,327.94,2025-02-09
1044,352,383.46,2025-01-06
1045,1243,470.24,2025-01-27
1046,1750,395.26,2025-02-21
1047,2941,126.57,2025-01-05
1048,654,455.31,2025-01-28
1049,911,394.06,2025-02-04
1050,1492,350.77,2025-03-07
1051,2434,235.68,2025-02-26
1052,1540,474.91,2025-01-20
1053,2697,497.96,2025-01-20
1054,2286,272.30,2025-01-08
1055,2037,465.62,2025-03-09
1056,2980,430.66,2025-01-21
1057,1846,381.14,2025-03-10
1058,2064,474.17,2025-02-01
1059,1616,233.33,2025-02-28
1060,242,158.51,2025-02-21
1061,1669,76.85,2025-02-14
1062,1067,64.62,2025-02-11
1063,1783,459.49,2025-01-31
1064,413,238.98,2025-01-14
1065,1001,329.28,2025-02-14
1066,1295,493.86,2025-01-25
1067,2464,159.43,2025-03-07
1068,1998,377.55,2025-03-03
1069,1026,404.39,2025-03-04
1070,1972,254.44,2025-02-07
1071,1767,463.46,2025-01-25
1072,155,318.19,2025-02-01
1073,406,77.11,2025-03-04
1074,724,317.56,2025-02-18
1075,1248,68.48,2025-02-16
1076,2460,343.24,2025-01-15
1077,2926,276.05,2025-02-24
1078,1695,232.15,2025-01-11
1079,1585,282.18,2025-01-20
1080,2304,108.77,2025-02-25
1081,886,415.79,2025-03-02
1082,2890,263.08,2025-01-25
1083,706,331.67,2025-02-05
1084,1495,132.93,2025-03-14
1085,872,55.49,2025-02-06
1086,1053,306.45,2025-01-09
1087,181,132.39,2025-01-22
1088,1693,69.34,2025-01-05
1089,884,388.81,2025-02-11
1090,1572,194.64,2025-01-15
1091,2048,390.22,2025-02-22
1092,2675,299.62,2025-02-28
1093,1075,278.22,2025-02-10
1094,465,84.30,2025-02-20
1095,71,339.58,2025-01-19
1096,2052,416.35,2025-01-17
1097,2490,224.34,2025-01-04
1098,399,257.44,2025-02-10
1099,2047,86.03,2025-03-10
1100,2871,460.36,2025-02-09
1101,2293,403.45,2025-02-21
1102,1621,470.80,2025-03-10
1103,1995,83.92,2025-03-01
1104,446,422.28,2025-01-27
1105,2680,258.06,2025-03-15
1106,2922,104.26,2025-02-16
1107,2095,194.12,2025-02-02
1108,1364,52.79,2025-03-11
1109,508,84.09,2025-02-01
1110,915,458.75,2025-01-14
1111,1222,251.32,2025-01-06
1112,1749,112.39,2025-02-03
1113,2103,154.51,2025-01-28
1114,250,416.53,2025-02-08
1115,1162,459.11,2025-02-15
1116,2101,164.40,2025-02-01
1117,1274,260.23,2025-01-09
1118,441,257.37,2025-02-12
1119,2450,52.43,2025-03-02
1120,1773,280.90,2025-01-13
1121,2733,439.41,2025-03-02
1122,2997,492.74,2025-02-17
1123,2062,84.33,2025-02-14
1124,2591,168.00,2025-01-03
1125,1481,474.39,2025-02-13
1126,2137,220.14,2025-02-02
1127,2573,427.54,2025-03-04
1128,1853,397.04,2025-01-10
1129,2037,258.30,2025-03-10
1130,1292,227.15,2025-03-15
1131,2891,378.00,2025-02-07
1132,990,451.48,2025-01-26
1133,1447,55.19,2025-01-06
1134,1747,470.94,2025-02-28
1135,1022,466.28,2025-02-20
1136,1352,344.86,2025-03-02
1137,881,151.73,2025-01-17
1138,2496,161.95,2025-03-07
1139,236,228.50,2025-01-22
1140,1707,99.40,2025-03-12
1141,613,337.70,2025-01-26
1142,1912,234.87,2025-01-09
1143,1315,87.19,2025-02-09
1144,424,255.77,2025-02-17
1145,242,336.56,2025-01-24
1146,1436,312.45,2025-02-16
1147,1464,417.88,2025-01-26
1148,1408,226.97,2025-02-12
1149,1887,282.08,2025-01-20
1150,1512,252.27,2025-01-23
1151,1469,108.46,2025-02-07
1152,1985,341.06,2025-03-07
1153,2921,194.21,2025-01-04
1154,407,431.99,2025-03-02
1155,1784,210.87,2025-02-08
1156,801,313.91,2025-01-30
1157,8,373.11,2025-01-22
1158,2949,141.53,2025-03-05
1159,2772,448.59,2025-01-02
1160,2147,378.16,2025-01-04
1161,1755,195.01,2025-03-12
1162,1742,351.80,2025-01-11
1163,419,456.06,2025-01-15
1164,2763,150.51,2025-02-20
1165,1369,272.68,2025-02-11
1166,1676,377.82,2025-01-08
1167,1069,141.78,2025-02-08
1168,132,221.54,2025-02-24
1169,2894,436.99,2025-03-06
1170,1846,321.46,2025-02-01
1171,278,182.97,2025-03-02
1172,2533,358.88,2025-01-24
1173,362,389.55,2025-02-06
1174,1177,486.76,2025-02-13
1175,863,137.88,2025-01-03
1176,910,374.95,2025-02-16
1177,1905,321.16,2025-01-13
1178,2517,122.90,2025-01-24
1179,1452,412.14,2025-02-08
1180,1455,417.79,2025-02-17
1181,1542,448.18,2025-02-01
1182,2510,324.30,2025-02-16
1183,1025,419.01,2025-02-19
1184,2693,79.22,2025-02-25
1185,69,310.24,2025-01-05
1186,2928,121.75,2025-02-04
1187,2615,306.15,2025-01-26
1188,2622,127.48,2025-03-04
1189,2991,462.32,2025-02-19
1190,1687,272.03,2025-02-08
1191,1498,415.50,2025-03-10
1192,2768,50.45,2025-01-14
1193,655,277.84,2025-03-08
1194,1146,251.13,2025-01-02
1195,351,119.28,2025-01-15
1196,2342,149.20,2025-03-12
1197,2845,426.68,2025-03-12
1198,675,340.07,2025-02-20
1199,1404,369.57,2025-02-24
1200,1149,372.73,2025-01-03
1201,2915,378.40,2025-02-24
1202,665,193.61,2025-02-14
1203,517,63.81,2025-01-14
1204,2067,372.14,2025-01-04
1205,2921,260.76,2025-01-09
1206,1994,470.62,2025-02-23
1207,2419,143.54,2025-03-04
1208,230,228.21,2025-01-26
1209,2501,63.02,2025-03-13
1210,1071,321.31,2025-01-17
1211,2321,278.06,2025-03-14
1212,522,379.94,2025-03-09
1213,1556,305.07,2025-03-06
1214,702,333.11,2025-01-22
1215,1526,60.54,2025-02-09
1216,846,223.00,2025-02-08
1217,486,86.54,2025-01-19
1218,1539,248.56,2025-02-04
1219,282,293.49,2025-01-06
1220,179,163.92,2025-02-04
1221,935,300.50,2025-01-26
1222,1458,319.16,2025-01-20
1223,1035,444.37,2025-01-13
1224,390,107.23,2025-03-15
1225,2499,474.73,2025-01-14
1226,2493,335.15,2025-03-08
1227,811,185.30,2025-02-15
1228,434,325.46,2025-02-28
1229,1684,412.09,2025-02-06
1230,1023,241.43,2025-03-12
1231,1150,434.01,2025-01-18
1232,1522,478.10,2025-02-25
1233,2403,465.67,2025-02-01
1234,1747,497.39,2025-02-13
1235,2393,496.08,2025-01-24
1236,1691,413.76,2025-03-04
1237,174,498.49,2025-02-28
1238,1341,446.75,2025-03-05
1239,1210,168.60,2025-02-26
1240,500,480.34,2025-01-23
1241,1607,67.67,2025-01-31
1242,2527,260.82,2025-01-25
1243,767,470.41,2025-03-11
1244,7,352.24,2025-01-28
1245,1355,200.76,2025-02-28
1246,1464,166.37,2025-03-08
1247,1193,443.64,2025-01-06
1248,105,107.04,2025-02-28
1249,2668,485.10,2025-02-02
1250,62,144.99,2025-02-01
1251,2411,154.62,2025-02-26
1252,801,317.78,2025-01-29
1253,685,255.97,2025-01-09
1254,2605,476.06,2025-03-04
1255,1989,460.37,2025-01-19
1256,2141,274.73,2025-03-14
1257,252,108.85,2025-02-09
1258,73,411.49,2025-01-13
1259,611,194.95,2025-01-26
1260,1801,303.43,2025-02-10
1261,451,201.35,2025-01-01
1262,2158,208.45,2025-02-22
1263,296,266.89,2025-03-11
1264,1708,287.06,2025-03-14
1265,378,405.80,2025-01-21
1266,1753,439.86,2025-02-05
1267,426,164.39,2025-03-06
1268,1310,453.73,2025-01-28
1269,490,179.55,2025-01-05
1270,87,389.51,2025-01-10
1271,2459,249.31,2025-02-07
1272,2961,288.58,2025-02-16
1273,876,383.69,2025-01-28
1274,604,237.65,2025-02-01
1275,41,463.86,2025-02-01
1276,267,454.30,2025-02-27
1277,983,173.58,2025-02-28
1278,586,392.00,2025-01-31
1279,2295,246.46,2025-01-25
1280,2915,229.52,2025-01-07
1281,37,97.94,2025-01-21
1282,2601,467.16,2025-01-12
1283,1224,243.09,2025-03-12
1284,1981,326.34,2025-02-12
1285,1368,234.49,2025-01-05
1286,1933,404.92,2025-03-13
1287,2364,143.84,2025-02-28
1288,144,416.24,2025-01-27
1289,1637,407.93,2025-01-15
1290,1067,429.02,2025-01-18
1291,1670,312.20,2025-02-07
1292,57,474.25,2025-02-14
1293,1088,383.32,2025-02-24
1294,1139,167.46,2025-02-23
1295,1436,383.47,2025-02-04
1296,2474,448.78,2025-02-23
1297,2589,63.61,2025-01-05
1298,1889,213.28,2025-02-17
1299,1199,450.89,2025-01-25
1300,930,443.52,2025-03-05
1301,1489,317.75,2025-01-11
1302,2699,159.53,2025-01-13
1303,2277,495.86,2025-02-17
1304,424,125.88,2025-03-07
1305,2959,473.79,2025-01-09
1306,571,461.48,2025-01-16
1307,636,467.13,2025-02-13
1308,993,368.71,2025-03-13
1309,1947,341.43,2025-01-30
1310,942,269.63,2025-01-19
1311,1763,305.40,2025-02-26
1312,831,233.80,2025-02-13
1313,824,256.32,2025-01-27
1314,2146,55.84,2025-01-09
1315,2379,220.80,2025-03-06
1316,2174,100.45,2025-03-04
1317,2668,363.51,2025-02-13
1318,620,168.73,2025-01-28
1319,2449,310.23,2025-01-10
1320,1872,367.20,2025-02-20
1321,925,277.67,2025-02-07
1322,1353,264.08,2025-01-07
1323,2060,337.11,2025-03-02
1324,1572,448.21,2025-02-11
1325,2028,380.72,2025-01-06
1326,1546,251.25,2025-02-22
1327,1671,219.60,2025-03-07
1328,1194,89.42,2025-01-07
1329,2542,436.51,2025-01-30
1330,2495,184.08,2025-03-03
1331,197,96.99,2025-01-30
1332,956,70.52,2025-02-09
1333,1159,169.79,2025-03-09
1334,2185,403.78,2025-02-09
1335,1442,363.02,2025-02-16
1336,2753,256.04,2025-02-14
1337,1311,224.03,2025-01-13
1338,2400,470.08,2025-02-06
1339,2491,368.75,2025-02-09
1340,258,212.47,2025-01-07
1341,882,433.36,2025-01-27
1342,408,118.19,2025-02-26
1343,195,384.65,2025-02-04
1344,2498,139.11,2025-02-05
1345,137,302.59,2025-02-01
1346,2695,474.76,2025-01-03
1347,552,166.44,2025-01-11
1348,1261,255.11,2025-02-07
1349,2338,427.04,2025-02-12
1350,1260,339.07,2025-01-18
1351,2556,191.97,2025-01-02
1352,2989,494.16,2025-01-21
1353,2038,140.53,2025-02-07
1354,2535,346.97,2025-02-07
1355,2974,142.89,2025-03-12
1356,1282,243.03,2025-02-16
1357,149,330.37,2025-02-12
1358,1939,428.96,2025-02-20
1359,487,307.96,2025-01-26
1360,2535,400.14,2025-01-05
1361,689,196.18,2025-02-13
1362,332,429.68,2025-02-22
1363,2334,350.77,2025-02-22
1364,1376,117.34,2025-02-25
1365,998,327.80,2025-02-19
1366,291,64.54,2025-02-20
1367,2122,234.23,2025-03-02
1368,2603,304.90,2025-02-04
1369,260,397.00,2025-02-05
1370,1838,175.05,2025-02-03
1371,469,228.17,2025-02-25
1372,2711,462.80,2025-03-04
1373,1436,259.83,2025-01-31
1374,2344,443.27,2025-02-19
1375,1175,481.75,2025-03-05
1376,1042,57.65,2025-01-23
1377,2024,382.96,2025-02-17
1378,2160,256.29,2025-02-09
1379,2739,377.38,2025-03-11
1380,2704,247.53,2025-02-21
1381,2567,292.80,2025-02-23
1382,2551,206.79,2025-01-22
1383,1495,366.30,2025-01-31
1384,2381,341.67,2025-03-02
1385,1798,422.79,2025-02-20
1386,1906,62.17,2025-01-18
1387,2235,174.31,2025-02-18
1388,13,367.99,2025-01-20
1389,1863,257.54,2025-01-28
1390,2853,244.32,2025-03-08
1391,519,483.05,2025-01-22
1392,2225,319.70,2025-02-13
1393,1262,252.63,2025-01-10
1394,2392,408.31,2025-01-21
1395,1099,361.82,2025-01-28
1396,2174,236.88,2025-02-08
1397,1530,473.55,2025-01-26
1398,2091,307.90,2025-03-07
1399,1430,78.48,2025-03-04
1400,2300,207.77,2025-02-16
1401,528,332.10,2025-03-01
1402,940,250.94,2025-02-14
1403,2938,150.47,2025-01-22
1404,2905,167.22,2025-03-12
1405,2262,160.32,2025-02-04
1406,2973,139.12,2025-01-30
1407,2252,272.81,2025-02-16
1408,2133,442.04,2025-02-12
1409,509,403.93,2025-01-07
1410,381,374.26,2025-01-01
1411,1477,171.08,2025-01-01
1412,306,129.08,2025-01-18
1413,2170,330.50,2025-02-20
1414,1655,287.89,2025-02-10
1415,233,460.22,2025-03-07
1416,637,248.64,2025-03-10
1417,2778,194.87,2025-02-11
1418,1406,185.44,2025-01-15
1419,145,186.62,2025-02-25
1420,1870,410.70,2025-01-09
1421,2818,246.90,2025-01-13
1422,761,86.06,2025-01-28
1423,1163,197.13,2025-03-05
1424,1561,361.30,2025-02-10
1425,431,313.42,2025-01-26
1426,2274,338.58,2025-03-02
1427,1680,299.30,2025-01-22
1428,1683,172.96,2025-02-13
1429,1577,146.91,2025-03-12
1430,2127,123.50,2025-01-13
1431,2992,429.78,2025-02-01
1432,964,265.89,2025-01-25
1433,1287,56.97,2025-01-09
1434,1916,195.35,2025-03-08
1435,781,412.18,2025-01-22
1436,365,490.86,2025-02-04
1437,2072,70.30,2025-01-27
1438,2786,198.29,2025-02-02
1439,2919,276.59,2025-02-15
1440,2654,466.94,2025-02-13
1441,1167,355.28,2025-01-12
1442,1382,336.32,2025-01-02
1443,1296,338.41,2025-01-25
1444,157,449.90,2025-02-13
1445,551,183.49,2025-01-13
1446,1051,237.87,2025-02-03
1447,1253,291.02,2025-02-04
1448,1872,370.68,2025-01-23
1449,1138,411.73,2025-01-29
1450,1711,69.99,2025-01-14
1451,45,292.80,2025-03-07
1452,1818,449.72,2025-02-08
1453,817,195.47,2025-02-03
1454,1025,463.97,2025-02-02
1455,2458,430.40,2025-01-30
1456,1353,188.82,2025-01-27
1457,2240,62.43,2025-01-10
1458,2187,253.28,2025-02-12
1459,2283,212.60,2025-02-15
1460,1113,496.56,2025-01-09
1461,742,291.69,2025-01-24
1462,1139,414.95,2025-01-01
1463,983,480.46,2025-01-19
1464,472,142.79,2025-02-05
1465,1165,307.05,2025-02-05
1466,2899,55.71,2025-03-07
1467,1622,53.02,2025-03-13
1468,2365,293.61,2025-03-05
1469,1349,366.27,2025-02-06
1470,471,223.90,2025-01-12
1471,1212,398.17,2025-02-09
1472,1254,52.06,2025-02-06
1473,884,402.73,2025-02-14
1474,704,426.20,2025-03-13
1475,426,496.18,2025-02-14
1476,2621,413.41,2025-01-24
1477,75,123.65,2025-02-04
1478,2607,188.18,2025-01-24
1479,120,309.77,2025-02-10
1480,1939,198.90,2025-01-11
1481,2148,126.81,2025-02-16
1482,2168,438.48,2025-02-04
1483,2537,442.20,2025-03-12
1484,2683,438.97,2025-02-21
1485,2885,278.68,2025-03-01
1486,2643,290.36,2025-02-06
1487,1411,442.16,2025-02-02
1488,1917,346.08,2025-03-04
1489,2424,193.87,2025-02-22
1490,1312,211.00,2025-01-21
1491,1693,352.81,2025-01-27
1492,560,459.84,2025-01-21
1493,1817,218.04,2025-02-11
1494,852,71.28,2025-02-16
1495,1003,183.87,2025-01-14
1496,161,68.03,2025-02-17
1497,72,327.05,2025-03-09
1498,679,298.88,2025-03-15
1499,754,253.59,2025-01-19
1500,158,419.36,2025-02-11
1501,1708,79.10,2025-01-11
1502,1960,417.52,2025-02-07
1503,2970,420.38,2025-01-07
1504,2872,82.68,2025-01-31
1505,1125,225.29,2025-02-22
1506,1,255.40,2025-01-29
1507,307,196.97,2025-01-29
1508,761,302.80,2025-02-10
1509,1476,315.11,2025-01-07
1510,2737,182.04,2025-02-22
1511,420,224.26,2025-02-28
1512,2454,112.33,2025-01-12
1513,835,173.30,2025-01-11
1514,711,152.72,2025-01-20
1515,1178,233.34,2025-03-08
1516,578,56.77,2025-01-09
1517,2349,368.28,2025-01-29
1518,1162,402.76,2025-03-02
1519,2216,435.81,2025-02-20
1520,1067,137.06,2025-02-01
1521,82,256.41,2025-01-23
1522,2262,144.93,2025-03-12
1523,2477,244.41,2025-01-31
1524,2675,495.66,2025-03-07
1525,1204,111.20,2025-01-19
1526,520,175.92,2025-02-26
1527,2250,201.11,2025-03-12
1528,2854,226.06,2025-01-09
1529,2415,58.38,2025-03-11
1530,2452,98.67,2025-03-15
1531,420,482.05,2025-01-22
1532,41,164.91,2025-03-15
1533,1809,449.39,2025-01-31
1534,1123,450.23,2025-03-03
1535,371,340.38,2025-01-21
1536,1946,237.72,2025-02-21
1537,1412,430.63,2025-02-16
1538,551,223.97,2025-02-08
1539,368,63.96,2025-01-26
1540,103,270.77,2025-01-08
1541,2931,382.18,2025-02-04
1542,1755,164.68,2025-01-04
1543,607,229.45,2025-01-18
1544,718,413.29,2025-01-15
1545,1035,241.54,2025-01-14
1546,2366,73.00,2025-01-20
1547,2181,96.62,2025-01-14
1548,163,492.14,2025-02-15
1549,1047,347.48,2025-01-12
1550,1470,297.80,2025-02-17
1551,1498,294.53,2025-01-09
1552,551,216.81,2025-02-22
1553,2493,218.67,2025-02-08
1554,1248,440.09,2025-01-21
1555,2074,81.69,2025-02-23
1556,2633,196.51,2025-01-01
1557,507,479.86,2025-01-11
1558,2374,278.48,2025-03-02
1559,278,404.61,2025-01-11
1560,2962,219.03,2025-01-22
1561,2594,106.17,2025-01-19
1562,1041,466.78,2025-01-22
1563,1772,441.03,2025-02-19
1564,2423,67.88,2025-01-24
1565,2921,429.14,2025-02-03
1566,1593,420.58,2025-01-07
1567,2832,169.90,2025-02-21
1568,1666,151.78,2025-02-16
1569,1325,486.64,2025-02-16
1570,2710,247.89,2025-03-04
1571,297,117.83,2025-01-03
1572,755,121.27,2025-03-11
1573,2238,184.86,2025-01-25
1574,1415,448.42,2025-02-18
1575,2698,299.87,2025-03-04
1576,1485,368.60,2025-02-20
1577,1460,326.76,2025-03-06
1578,1918,212.16,2025-02-21
1579,206,142.78,2025-03-02
1580,1135,297.37,2025-01-28
1581,1722,77.28,2025-02-14
1582,1009,97.40,2025-03-09
1583,1450,181.84,2025-02-14
1584,2929,228.27,2025-02-19
1585,1595,151.65,2025-02-16
1586,940,476.78,2025-01-25
1587,997,247.87,2025-02-19
1588,163,278.38,2025-03-12
1589,2340,283.56,2025-02-07
1590,631,225.31,2025-01-16
1591,95,181.85,2025-01-12
1592,2741,452.84,2025-01-30
1593,2760,86.59,2025-02-28
1594,1892,55.78,2025-02-17
1595,1837,63.78,2025-01-20
1596,126,378.99,2025-01-14
1597,2343,287.85,2025-01-04
1598,230,431.45,2025-02-21
1599,1922,308.52,2025-01-25
1600,346,375.75,2025-01-18
1601,1260,445.03,2025-03-08
1602,1625,61.50,2025-01-29
1603,2361,83.40,2025-01-29
1604,1062,393.45,2025-01-10
1605,891,499.44,2025-01-15
1606,1894,476.45,2025-01-31
1607,796,360.94,2025-01-15
1608,1332,242.65,2025-01-02
1609,2436,206.45,2025-02-27
1610,731,259.55,2025-01-07
1611,760,166.24,2025-02-28
1612,2514,411.30,2025-02-09
1613,1188,433.83,2025-02-04
1614,2173,299.70,2025-03-06
1615,1962,453.87,2025-01-11
1616,254,496.88,2025-02-28
1617,968,460.11,2025-01-29
1618,1639,300.45,2025-01-11
1619,282,483.53,2025-02-21
1620,2041,53.67,2025-02-16
1621,540,69.18,2025-02-22
1622,2736,361.87,2025-02-26
1623,37,106.44,2025-03-07
1624,528,266.68,2025-01-03
1625,1434,126.24,2025-02-07
1626,594,207.05,2025-03-15
1627,527,484.83,2025-01-25
1628,2216,62.70,2025-01-11
1629,474,400.51,2025-01-15
1630,1861,243.20,2025-01-16
1631,1068,179.71,2025-02-11
1632,729,371.35,2025-01-29
1633,2188,232.62,2025-02-11
1634,678,441.63,2025-02-12
1635,116,432.70,2025-02-13
1636,2685,173.51,2025-03-14
1637,356,344.16,2025-01-02
1638,536,161.07,2025-01-09
1639,2454,289.56,2025-02-20
1640,2357,55.03,2025-01-27
1641,942,53.24,2025-02-14
1642,1684,237.73,2025-02-12
1643,527,419.58,2025-01-07
1644,1818,252.23,2025-01-15
1645,1616,293.19,2025-02-06
1646,1746,421.29,2025-01-17
1647,953,114.82,2025-03-11
1648,2888,274.41,2025-01-11
1649,1480,374.63,2025-03-09
1650,1647,254.96,2025-03-07
1651,1366,98.23,2025-02-19
1652,995,50.13,2025-02-28
1653,2172,459.76,2025-02-22
1654,982,232.54,2025-01-02
1655,1210,93.19,2025-01-27
1656,1861,323.13,2025-02-07
1657,2109,263.44,2025-01-22
1658,1608,250.23,2025-01-04
1659,876,238.41,2025-01-19
1660,1639,60.59,2025-02-15
1661,1767,244.01,2025-02-23
1662,986,200.54,2025-01-13
1663,1935,340.79,2025-03-02
1664,786,322.74,2025-01-07
1665,2737,387.74,2025-01-16
1666,1055,495.14,2025-02-06
1667,1218,131.81,2025-02-02
1668,2238,88.54,2025-01-09
1669,2119,439.84,2025-03-09
1670,1941,320.33,2025-02-09
1671,1482,362.77,2025-02-18
1672,952,402.03,2025-03-07
1673,2490,462.97,2025-01-31
1674,1869,432.34,2025-01-04
1675,2176,58.53,2025-01-28
1676,1441,285.71,2025-03-12
1677,2975,245.90,2025-01-02
1678,1693,288.54,2025-01-10
1679,27,97.54,2025-02-04
1680,631,254.83,2025-01-29
1681,2495,209.06,2025-02-20
1682,2480,368.25,2025-01-15
1683,2269,94.29,2025-01-31
1684,2332,275.18,2025-02-09
1685,1303,365.15,2025-03-13
1686,2828,311.73,2025-03-07
1687,184,78.63,2025-02-15
1688,1973,80.48,2025-03-10
1689,2803,172.15,2025-03-07
1690,2323,234.39,2025-01-10
1691,298,51.49,2025-01-05
1692,1301,63.16,2025-02-13
1693,1365,303.66,2025-01-04
1694,2908,463.44,2025-02-04
1695,291,409.29,2025-02-05
1696,1922,407.46,2025-02-04
1697,811,102.99,2025-01-06
1698,2616,59.53,2025-03-02
1699,2120,188.37,2025-02-27
1700,1578,116.63,2025-02-23
1701,1438,270.52,2025-03-03
1702,563,224.49,2025-03-11
1703,1925,241.88,2025-01-31
1704,2882,415.34,2025-01-24
1705,760,149.97,2025-03-04
1706,1328,476.55,2025-01-19
1707,1059,324.69,2025-02-01
1708,741,471.70,2025-02-19
1709,2293,435.42,2025-01-21
1710,2632,296.86,2025-02-16
1711,2450,407.53,2025-01-08
1712,137,234.56,2025-03-02
1713,2638,175.95,2025-01-30
1714,1961,55.18,2025-03-10
1715,2920,249.04,2025-01-15
1716,2740,325.58,2025-03-08
1717,628,462.73,2025-02-13
1718,1663,114.26,2025-01-12
1719,221,187.26,2025-02-11
1720,2255,195.11,2025-02-24
1721,91,109.35,2025-01-20
1722,1224,435.95,2025-03-03
1723,1887,71.26,2025-01-16
1724,1620,273.86,2025-03-13
1725,771,174.88,2025-03-10
1726,1371,194.92,2025-02-14
1727,1257,129.45,2025-03-07
1728,1673,362.75,2025-03-09
1729,2978,80.77,2025-03-03
1730,1225,170.22,2025-02-25
1731,418,459.30,2025-02-25
1732,823,383.84,2025-01-27
1733,828,404.87,2025-03-15
1734,437,215.82,2025-01-25
1735,1235,335.13,2025-02-04
1736,1353,360.15,2025-02-14
1737,1810,221.87,2025-01-30
1738,1444,357.95,2025-01-22
1739,969,150.86,2025-01-17
1740,2235,354.43,2025-01-19
1741,1813,439.82,2025-01-02
1742,311,493.83,2025-02-16
1743,2041,444.32,2025-01-20
1744,1571,328.95,2025-02-12
1745,2931,321.31,2025-02-21
1746,704,276.09,2025-02-09
1747,2977,242.16,2025-02-02
1748,2759,296.94,2025-01-17
1749,1024,445.89,2025-03-14
1750,862,211.95,2025-03-11
1751,283,79.93,2025-02-02
1752,943,99.05,2025-02-01
1753,1116,362.09,2025-01-03
1754,2582,499.11,2025-02-17
1755,1260,420.35,2025-03-15
1756,1745,233.01,2025-01-27
1757,2294,166.66,2025-02-26
1758,589,144.03,2025-02-22
1759,2704,152.97,2025-01-15
1760,45,93.90,2025-01-13
1761,2502,55.79,2025-02-23
1762,194,163.07,2025-01-17
1763,330,279.68,2025-01-22
1764,1895,56.02,2025-02-03
1765,2927,128.97,2025-01-19
1766,247,468.76,2025-02-04
1767,2409,207.22,2025-03-10
1768,2907,459.56,2025-01-04
1769,2613,311.45,2025-02-06
1770,2065,257.36,2025-02-24
1771,1088,340.75,2025-02-08
1772,452,134.23,2025-02-19
1773,1413,115.32,2025-01-25
1774,770,262.77,2025-02-28
1775,1473,456.97,2025-02-24
1776,1686,344.86,2025-02-02
1777,1056,100.43,2025-01-09
1778,1836,374.16,2025-01-31
1779,2750,423.65,2025-01-31
1780,229,111.70,2025-01-24
1781,2111,311.99,2025-01-05
1782,223,232.47,2025-02-04
1783,2820,164.07,2025-01-17
1784,2879,181.59,2025-01-28
1785,695,454.83,2025-03-09
1786,907,459.15,2025-01-06
1787,2477,111.64,2025-01-14
1788,1760,452.63,2025-01-03
1789,1756,159.25,2025-02-16
1790,641,440.38,2025-01-25
1791,1061,200.19,2025-01-13
1792,2330,99.50,2025-01-02
1793,2823,338.43,2025-01-18
1794,726,271.52,2025-01-04
1795,2329,344.86,2025-01-12
1796,1824,347.69,2025-02-08
1797,1182,443.07,2025-01-16
1798,2712,255.87,2025-02-17
1799,59,253.94,2025-03-11
1800,1409,377.39,2025-02-07
1801,2721,301.78,2025-02-04
1802,543,247.93,2025-03-11
1803,204,199.54,2025-02-09
1804,1012,187.76,2025-01-21
1805,300,216.56,2025-02-10
1806,2596,399.28,2025-03-13
1807,410,84.07,2025-03-04
1808,2071,362.39,2025-03-15
1809,1591,203.55,2025-02-08
1810,54,267.16,2025-02-26
1811,1760,418.33,2025-01-10
1812,2565,251.86,2025-03-13
1813,952,257.25,2025-02-05
1814,483,319.15,2025-02-26
1815,1743,85.52,2025-02-11
1816,773,236.60,2025-01-20
1817,2682,78.62,2025-02-22
1818,1855,92.19,2025-01-30
1819,119,248.75,2025-02-14
1820,1849,369.09,2025-02-07
1821,1070,303.64,2025-02-16
1822,500,444.95,2025-02-01
1823,2961,357.14,2025-02-02
1824,2302,281.66,2025-01-20
1825,2490,276.21,2025-02-26
1826,2776,204.74,2025-01-04
1827,1643,229.55,2025-03-03
1828,1405,296.65,2025-01-08
1829,434,209.24,2025-01-18
1830,177,89.56,2025-02-02
1831,825,168.73,2025-02-05
1832,2486,286.29,2025-03-07
1833,2307,453.34,2025-02-23
1834,117,326.43,2025-01-25
1835,673,191.59,2025-03-08
1836,2581,187.62,2025-03-14
1837,2862,332.09,2025-01-04
1838,54,486.56,2025-01-26
1839,621,415.21,2025-03-13
1840,2026,269.23,2025-01-02
1841,842,482.29,2025-01-10
1842,2510,97.55,2025-01-30
1843,2467,427.49,2025-02-21
1844,564,61.50,2025-02-19
1845,2818,330.17,2025-02-28
1846,32,115.34,2025-02-14
1847,934,149.43,2025-01-01
1848,1995,494.65,2025-01-27
1849,930,357.99,2025-02-27
1850,705,156.28,2025-01-23
1851,868,262.22,2025-01-29
1852,606,287.67,2025-02-17
1853,883,147.70,2025-01-05
1854,212,101.30,2025-01-30
1855,1250,188.46,2025-03-12
1856,1638,155.05,2025-01-22
1857,2489,475.54,2025-01-10
1858,969,347.05,2025-02-28
1859,13,470.41,2025-01-07
1860,1291,392.04,2025-01-12
1861,1625,295.61,2025-02-12
1862,2175,296.69,2025-01-15
1863,77,178.70,2025-02-16
1864,1231,204.91,2025-02-18
1865,2767,323.52,2025-01-30
1866,872,453.61,2025-01-08
1867,825,345.50,2025-03-10
1868,2656,115.47,2025-02-20
1869,297,286.39,2025-01-25
1870,989,399.53,2025-02-23
1871,1782,332.00,2025-01-13
1872,1619,365.78,2025-02-10
1873,1143,117.31,2025-03-11
1874,1704,311.39,2025-02-23
1875,28,279.95,2025-02-17
1876,1703,344.02,2025-02-07
1877,1774,292.82,2025-02-23
1878,1624,432.64,2025-01-15
1879,2761,132.63,2025-01-07
1880,742,217.11,2025-02-20
1881,2640,177.24,2025-03-15
1882,2827,408.86,2025-01-06
1883,2410,358.10,2025-02-05
1884,1990,388.30,2025-03-08
1885,782,214.64,2025-03-08
1886,2830,187.02,2025-01-02
1887,1561,311.61,2025-01-31
1888,917,225.24,2025-02-14
1889,1010,456.32,2025-01-15
1890,1915,228.98,2025-03-01
1891,1552,158.96,2025-03-11
1892,2552,384.71,2025-02-05
1893,2932,464.99,2025-02-19
1894,2906,492.80,2025-01-29
1895,1296,252.28,2025-02-06
1896,1836,220.57,2025-01-05
1897,385,478.82,2025-03-08
1898,2556,349.39,2025-01-21
1899,1043,479.84,2025-03-08
1900,1690,95.46,2025-03-13
1901,452,81.79,2025-01-24
1902,1808,470.69,2025-03-07
1903,501,346.47,2025-02-18
1904,1038,137.35,2025-02-06
1905,1696,293.13,2025-03-15
1906,1787,190.59,2025-01-25
1907,1765,302.59,2025-01-23
1908,802,421.81,2025-02-18
1909,2470,66.12,2025-02-26
1910,365,52.32,2025-03-09
1911,2720,215.59,2025-01-21
1912,2215,306.30,2025-01-16
1913,1543,113.57,2025-03-10
1914,785,151.31,2025-02-05
1915,2655,151.54,2025-01-10
1916,2991,119.66,2025-01-10
1917,2667,397.01,2025-02-03
1918,396,255.26,2025-03-10
1919,1315,353.14,2025-01-20
1920,2120,399.59,2025-02-13
1921,723,344.92,2025-01-29
1922,773,287.98,2025-01-05
1923,232,170.75,2025-01-13
1924,937,416.13,2025-01-10
1925,2349,70.61,2025-02-02
1926,1277,204.07,2025-03-11
1927,2925,241.35,2025-01-23
1928,2030,378.53,2025-02-09
1929,2984,333.77,2025-02-24
1930,2687,224.25,2025-03-04
1931,559,352.83,2025-01-01
1932,1165,252.01,2025-02-28
1933,2436,480.66,2025-02-16
1934,359,201.52,2025-02-07
1935,23,211.04,2025-01-07
1936,92,270.69,2025-01-06
1937,588,466.20,2025-01-07
1938,2482,444.07,2025-02-12
1939,1208,216.68,2025-02-17
1940,3,95.80,2025-02-25
1941,2920,359.81,2025-01-16
1942,130,223.38,2025-02-14
1943,1616,471.61,2025-03-05
1944,326,78.10,2025-02-12
1945,1704,378.33,2025-03-03
1946,2129,409.91,2025-03-03
1947,332,213.83,2025-01-01
1948,575,498.23,2025-01-12
1949,2638,104.74,2025-03-13
1950,900,444.76,2025-01-08
1951,834,294.72,2025-02-24
1952,1372,464.12,2025-01-27
1953,822,463.05,2025-03-08
1954,2234,248.59,2025-02-24
1955,1629,189.00,2025-03-08
1956,1100,366.77,2025-01-13
1957,832,374.74,2025-01-07
1958,884,497.59,2025-01-26
1959,1662,476.28,2025-03-04
1960,1991,499.61,2025-01-27
1961,1620,426.28,2025-01-12
1962,2743,283.51,2025-03-06
1963,866,384.09,2025-02-27
1964,1822,349.47,2025-03-11
1965,1084,463.08,2025-03-10
1966,1638,408.12,2025-02-16
1967,1470,318.10,2025-01-23
1968,2113,176.88,2025-01-28
1969,921,427.82,2025-02-20
1970,2800,322.55,2025-02-17
1971,2520,190.74,2025-02-05
1972,2234,139.94,2025-02-28
1973,2485,459.80,2025-02-11
1974,134,359.85,2025-03-04
1975,527,152.65,2025-03-02
1976,192,129.76,2025-01-16
1977,2097,177.25,2025-01-20
1978,620,76.08,2025-02-22
1979,6,320.37,2025-03-15
1980,2457,409.20,2025-02-17
1981,367,387.92,2025-02-22
1982,1509,252.93,2025-03-08
1983,2615,226.77,2025-02-07
1984,2525,313.57,2025-02-18
1985,2511,108.54,2025-01-24
1986,1491,456.96,2025-02-11
1987,924,438.31,2025-03-06
1988,385,260.02,2025-01-17
1989,2527,102.52,2025-03-03
1990,2862,217.42,2025-02-09
1991,920,402.73,2025-01-20
1992,1418,456.88,2025-03-06
1993,2000,204.53,2025-01-13
1994,97,329.05,2025-02-06
1995,1079,457.31,2025-02-13
1996,917,152.13,2025-03-02
1997,1655,336.78,2025-01-13
1998,2810,385.89,2025-02-11
1999,895,54.97,2025-01-13
2000,2693,154.26,2025-03-02
2001,2843,315.06,2025-02-10
2002,2,186.24,2025-01-22
2003,2293,92.54,2025-02-04
2004,2278,449.49,2025-02-19
2005,1765,160.57,2025-01-28
2006,2528,445.82,2025-02-20
2007,1773,66.96,2025-01-25
2008,947,385.94,2025-01-29
2009,473,437.44,2025-02-10
2010,279,88.89,2025-01-28
2011,1773,122.76,2025-02-07
2012,1212,105.16,2025-01-18
2013,2723,378.06,2025-02-07
2014,551,228.37,2025-02-13
2015,1589,125.91,2025-02-26
2016,1323,285.09,2025-01-22
2017,2058,373.67,2025-03-04
2018,1503,459.85,2025-02-20
2019,1259,309.85,2025-02-20
2020,886,470.17,2025-01-28
2021,1676,182.58,2025-01-29
2022,1574,372.83,2025-01-06
2023,1184,439.14,2025-01-16
2024,642,385.47,2025-03-09
2025,1572,169.65,2025-01-05
2026,3,173.17,2025-01-23
2027,1944,174.96,2025-01-26
2028,2092,102.66,2025-01-08
2029,511,380.78,2025-01-09
2030,1161,378.28,2025-02-11
2031,1174,147.80,2025-01-11
2032,145,328.87,2025-02-18
2033,867,497.18,2025-02-19
2034,1916,201.50,2025-02-14
2035,2169,156.31,2025-02-12
2036,2505,91.26,2025-02-10
2037,1810,78.55,2025-02-03
2038,2161,412.16,2025-02-21
2039,2299,304.28,2025-01-23
2040,1018,441.02,2025-02-25
2041,1681,241.54,2025-01-25
2042,197,140.25,2025-01-21
2043,2340,230.40,2025-01-14
2044,2465,473.37,2025-01-19
2045,899,258.39,2025-03-06
2046,2661,263.71,2025-01-01
2047,877,243.05,2025-02-12
2048,725,254.34,2025-01-02
2049,220,254.19,2025-01-08
2050,1029,151.41,2025-01-27
2051,2132,483.90,2025-01-20
2052,411,254.10,2025-02-27
2053,2166,329.89,2025-01-15
2054,2915,110.48,2025-02-22
2055,510,289.70,2025-03-03
2056,1230,139.79,2025-02-17
2057,1131,489.43,2025-01-29
2058,1128,112.84,2025-02-18
2059,2027,97.65,2025-03-09
2060,401,209.81,2025-02-07
2061,1273,143.60,2025-02-04
2062,1449,183.42,2025-01-21
2063,2085,310.13,2025-02-01
2064,1264,67.76,2025-02-28
2065,2008,211.87,2025-02-23
2066,1087,464.09,2025-03-08
2067,981,132.96,2025-01-30
2068,2271,456.03,2025-02-23
2069,1286,258.26,2025-01-13
2070,1456,383.89,2025-01-09
2071,1203,286.27,2025-01-09
2072,1081,439.13,2025-01-05
2073,2652,334.70,2025-02-25
2074,2215,190.17,2025-02-14
2075,1493,181.76,2025-02-14
2076,2018,147.80,2025-03-14
2077,1163,299.93,2025-02-07
2078,2378,497.81,2025-03-13
2079,526,149.58,2025-03-08
2080,875,190.28,2025-03-01
2081,752,260.92,2025-01-17
2082,2423,158.80,2025-02-18
2083,56,244.73,2025-01-04
2084,1781,55.52,2025-01-26
2085,296,382.96,2025-03-04
2086,2562,494.72,2025-01-27
2087,80,119.31,2025-02-26
2088,511,461.64,2025-03-03
2089,2577,58.45,2025-02-15
2090,1648,164.16,2025-03-13
2091,1572,329.98,2025-01-31
2092,1193,213.47,2025-01-26
2093,2210,427.71,2025-01-06
2094,1917,452.79,2025-01-25
2095,1208,171.03,2025-01-13
2096,2983,323.07,2025-02-13
2097,1391,290.18,2025-02-07
2098,544,305.47,2025-02-10
2099,1163,277.64,2025-03-14
2100,2181,275.10,2025-02-19
2101,663,385.48,2025-03-08
2102,2411,144.52,2025-01-04
2103,2902,59.27,2025-03-14
2104,5,178.43,2025-02-26
2105,1454,357.77,2025-03-08
2106,2366,371.76,2025-02-01
2107,1153,208.94,2025-03-01
2108,599,431.93,2025-01-10
2109,331,499.89,2025-01-18
2110,2844,359.95,2025-02-13
2111,463,395.39,2025-01-21
2112,310,237.55,2025-02-09
2113,2182,109.16,2025-01-27
2114,1879,347.69,2025-01-07
2115,435,466.24,2025-02-12
2116,2308,223.44,2025-01-12
2117,1298,401.55,2025-01-18
2118,2939,224.53,2025-02-04
2119,2955,255.28,2025-02-04
2120,2956,497.60,2025-01-30
2121,572,89.45,2025-02-01
2122,2494,228.64,2025-02-07
2123,2140,82.99,2025-02-11
2124,1329,238.36,2025-01-29
2125,2316,97.01,2025-02-28
2126,244,494.36,2025-01-17
2127,2675,478.13,2025-02-25
2128,1467,117.79,2025-01-14
2129,2819,131.44,2025-01-14
2130,536,402.33,2025-03-10
2131,666,449.24,2025-01-17
2132,1918,224.78,2025-01-28
2133,2769,137.18,2025-03-04
2134,1778,150.08,2025-01-30
2135,2361,227.81,2025-02-06
2136,131,288.23,2025-03-11
2137,939,337.31,2025-02-28
2138,2048,329.30,2025-01-28
2139,2574,309.03,2025-02-03
2140,2351,474.01,2025-02-04
2141,2910,160.51,2025-02-19
2142,2174,459.65,2025-03-05
2143,649,301.43,2025-02-20
2144,1536,162.80,2025-02-08
2145,1945,225.93,2025-01-09
2146,530,130.98,2025-02-25
2147,2247,174.17,2025-02-22
2148,2225,320.17,2025-01-03
2149,611,151.31,2025-02-17
2150,2694,309.34,2025-03-01
2151,2489,132.71,2025-01-01
2152,2964,419.04,2025-03-06
2153,1267,344.75,2025-02-25
2154,382,393.28,2025-01-08
2155,2620,304.65,2025-01-27
2156,240,374.57,2025-02-24
2157,1191,237.27,2025-01-25
2158,2196,183.16,2025-01-25
2159,2706,103.99,2025-01-17
2160,2389,302.43,2025-01-29
2161,2634,223.84,2025-01-14
2162,992,237.38,2025-01-08
2163,2154,499.37,2025-02-13
2164,2232,190.63,2025-01-23
2165,2222,340.81,2025-02-23
2166,1648,113.13,2025-02-10
2167,2767,210.26,2025-01-30
2168,2753,395.14,2025-01-14
2169,2202,451.24,2025-02-10
2170,2596,320.98,2025-01-25
2171,1456,140.56,2025-02-24
2172,1275,77.93,2025-02-28
2173,2433,128.17,2025-02-11
2174,1575,167.43,2025-03-02
2175,78,226.03,2025-01-19
2176,851,444.92,2025-02-07
2177,1247,137.96,2025-03-05
2178,1068,53.87,2025-03-04
2179,546,396.34,2025-03-02
2180,2088,181.74,2025-01-24
2181,2389,61.60,2025-01-20
2182,255,179.71,2025-01-04
2183,699,480.03,2025-01-15
2184,2967,52.55,2025-01-31
2185,2101,178.37,2025-03-07
2186,764,162.75,2025-01-07
2187,1509,475.30,2025-01-14
2188,1709,370.55,2025-01-08
2189,909,177.05,2025-03-03
2190,2197,193.51,2025-03-06
2191,2327,427.46,2025-01-31
2192,2460,310.76,2025-02-24
2193,862,464.63,2025-01-05
2194,1024,149.51,2025-03-06
2195,2489,459.71,2025-01-29
2196,2549,284.43,2025-02-19
2197,1529,249.95,2025-02-14
2198,737,376.99,2025-01-30
2199,2631,238.74,2025-03-09
2200,46,55.40,2025-01-18
2201,1405,85.51,2025-02-14
2202,1487,384.38,2025-03-02
2203,1399,84.97,2025-02-13
2204,1169,222.75,2025-02-01
2205,2989,472.92,2025-02-14
2206,2118,125.60,2025-01-29
2207,1199,78.02,2025-01-21
2208,2305,268.12,2025-02-11
2209,1500,475.34,2025-02-22
2210,1228,289.39,2025-01-21
2211,1021,354.67,2025-03-15
2212,252,168.74,2025-01-01
2213,446,391.28,2025-03-11
2214,1427,239.02,2025-01-07
2215,864,421.72,2025-02-28
2216,29,248.87,2025-03-13
2217,1044,429.83,2025-03-10
2218,2192,499.02,2025-01-23
2219,1684,337.29,2025-01-06
2220,1332,273.99,2025-02-25
2221,1968,368.56,2025-01-24
2222,1311,300.63,2025-02-18
2223,1350,69.02,2025-01-05
2224,1048,129.28,2025-02-27
2225,1526,321.67,2025-02-13
2226,1673,155.16,2025-03-06
2227,2331,456.45,2025-02-03
2228,2863,188.69,2025-02-20
2229,2582,447.82,2025-01-24
2230,1641,156.73,2025-01-18
2231,1759,116.37,2025-01-11
2232,1861,458.15,2025-02-08
2233,1352,115.97,2025-03-02
2234,1306,337.76,2025-01-14
2235,475,227.01,2025-02-06
2236,2818,451.96,2025-01-15
2237,1251,415.12,2025-02-13
2238,1140,498.73,2025-01-30
2239,1444,266.46,2025-03-14
2240,2544,115.95,2025-02-26
2241,2080,314.19,2025-02-26
2242,2633,369.02,2025-02-24
2243,2684,152.00,2025-02-15
2244,2703,55.88,2025-01-08
2245,411,321.49,2025-02-20
2246,2845,180.43,2025-03-11
2247,152,197.75,2025-03-13
2248,979,469.83,2025-03-14
2249,694,223.20,2025-02-07
2250,2032,82.04,2025-02-05
2251,947,319.80,2025-02-23
2252,806,114.20,2025-02-28
2253,646,67.18,2025-03-10
2254,2112,56.53,2025-02-02
2255,1443,457.93,2025-02-07
2256,2375,118.11,2025-01-15
2257,1208,476.45,2025-01-07
2258,412,416.73,2025-03-07
2259,893,113.72,2025-02-22
2260,251,308.58,2025-01-30
2261,2551,312.99,2025-01-13
2262,1070,94.71,2025-03-11
2263,1696,206.27,2025-01-09
2264,1026,257.82,2025-02-07
2265,606,384.32,2025-01-27
2266,2161,184.79,2025-01-30
2267,1747,323.22,2025-03-08
2268,2277,308.15,2025-03-15
2269,1661,316.43,2025-01-28
2270,44,100.59,2025-02-08
2271,2180,296.20,2025-03-02
2272,6,179.08,2025-01-23
2273,2018,418.28,2025-02-05
2274,2026,369.36,2025-01-16
2275,997,99.26,2025-01-05
2276,1493,473.12,2025-02-24
2277,1943,337.85,2025-02-14
2278,1196,365.88,2025-03-05
2279,1624,331.38,2025-03-13
2280,2937,121.77,2025-02-24
2281,748,412.35,2025-02-11
2282,2656,417.91,2025-02-14
2283,675,445.67,2025-01-07
2284,345,423.76,2025-01-01
2285,1670,259.80,2025-01-28
2286,83,326.00,2025-01-26
2287,182,191.81,2025-03-01
2288,223,343.84,2025-03-04
2289,2420,341.55,2025-03-15
2290,387,241.51,2025-03-03
2291,807,468.62,2025-01-03
2292,2452,222.21,2025-02-26
2293,698,282.35,2025-02-15
2294,1732,294.25,2025-03-07
2295,1876,203.62,2025-01-09
2296,1592,454.56,2025-03-10
2297,115,359.92,2025-02-21
2298,1477,212.36,2025-01-17
2299,742,71.34,2025-02-09
2300,1849,449.84,2025-01-28
2301,957,262.42,2025-01-23
2302,2449,118.09,2025-03-04
2303,456,130.12,2025-01-30
2304,600,175.87,2025-02-04
2305,343,209.44,2025-01-24
2306,518,174.15,2025-03-03
2307,2415,399.93,2025-02-21
2308,2226,228.79,2025-01-07
2309,2997,299.67,2025-02-05
2310,2733,169.19,2025-01-22
2311,1367,458.30,2025-02-18
2312,2149,424.20,2025-01-10
2313,2017,150.96,2025-01-02
2314,2285,464.94,2025-02-27
2315,297,492.70,2025-01-14
2316,1941,454.60,2025-01-10
2317,1368,320.97,2025-01-22
2318,2075,122.14,2025-02-27
2319,1296,187.75,2025-02-02
2320,2990,246.10,2025-01-10
2321,31,275.01,2025-01-08
2322,725,299.60,2025-01-20
2323,337,211.77,2025-01-16
2324,1431,340.40,2025-02-02
2325,97,100.58,2025-01-25
2326,2855,196.78,2025-01-26
2327,1970,499.25,2025-03-05
2328,1927,285.96,2025-02-18
2329,448,140.98,2025-01-26
2330,1438,408.68,2025-03-08
2331,2166,409.25,2025-02-06
2332,2465,163.51,2025-02-22
2333,615,413.22,2025-01-21
2334,1215,246.59,2025-03-07
2335,2293,121.89,2025-01-17
2336,1011,84.97,2025-01-14
2337,323,381.73,2025-03-12
2338,1974,259.38,2025-03-07
2339,1709,226.36,2025-01-21
2340,1531,230.47,2025-01-13
2341,2314,104.63,2025-01-24
2342,77,230.58,2025-03-11
2343,1556,80.22,2025-01-02
2344,997,152.73,2025-03-10
2345,411,483.91,2025-02-22
2346,1655,297.38,2025-01-11
2347,2757,244.78,2025-03-06
2348,1183,251.18,2025-02-14
2349,1775,254.29,2025-02-03
2350,437,477.94,2025-01-17
2351,1181,325.34,2025-02-23
2352,1941,229.13,2025-02-27
2353,2858,269.86,2025-01-11
2354,1837,265.96,2025-01-27
2355,1211,303.02,2025-03-02
2356,1784,170.84,2025-03-02
2357,2904,209.34,2025-03-05
2358,2570,80.80,2025-01-14
2359,623,429.68,2025-02-28
2360,928,214.41,2025-01-07
2361,831,168.15,2025-03-01
2362,2270,499.97,2025-03-04
2363,1796,205.15,2025-02-17
2364,274,128.48,2025-03-14
2365,2316,484.68,2025-03-09
2366,1715,226.35,2025-03-15
2367,2526,228.18,2025-02-22
2368,2186,204.72,2025-02-28
2369,2634,217.91,2025-02-16
2370,420,65.99,2025-01-10
2371,2678,191.18,2025-03-10
2372,740,224.42,2025-01-23
2373,2883,486.00,2025-02-19
2374,2198,155.34,2025-02-26
2375,2509,327.07,2025-02-13
2376,1463,93.78,2025-02-18
2377,57,98.83,2025-03-04
2378,2591,383.13,2025-02-02
2379,1385,402.85,2025-01-12
2380,1707,456.86,2025-02-13
2381,913,360.87,2025-01-16
2382,1418,437.00,2025-02-02
2383,635,440.48,2025-01-01
2384,74,342.25,2025-01-24
2385,1478,484.40,2025-03-06
2386,2683,59.82,2025-02-26
2387,31,195.26,2025-03-11
2388,2805,296.42,2025-01-20
2389,616,122.38,2025-01-24
2390,747,79.31,2025-02-04
2391,120,117.92,2025-01-02
2392,1368,53.87,2025-01-23
2393,277,394.37,2025-01-12
2394,2411,159.12,2025-02-11
2395,2665,142.96,2025-01-25
2396,81,386.42,2025-03-08
2397,2655,382.69,2025-01-15
2398,1343,124.58,2025-02-18
2399,1527,499.23,2025-02-25
2400,1175,76.97,2025-03-12
2401,93,325.25,2025-01-06
2402,21,88.10,2025-02-11
2403,1658,447.52,2025-02-21
2404,392,450.62,2025-02-12
2405,828,148.34,2025-01-21
2406,705,415.68,2025-01-10
2407,1096,321.15,2025-01-06
2408,670,426.70,2025-01-19
2409,1336,218.58,2025-02-06
2410,2708,134.79,2025-01-19
2411,2697,397.16,2025-01-26
2412,577,345.53,2025-01-26
2413,1569,99.11,2025-01-23
2414,2107,401.26,2025-02-20
2415,2487,422.71,2025-03-08
2416,1994,418.08,2025-01-13
2417,2992,340.41,2025-01-26
2418,1168,155.40,2025-02-11
2419,212,483.83,2025-02-28
2420,989,294.16,2025-01-26
2421,2345,198.77,2025-02-03
2422,203,154.64,2025-01-19
2423,724,63.80,2025-01-25
2424,325,201.10,2025-02-17
2425,262,457.77,2025-02-01
2426,2692,50.49,2025-01-28
2427,1960,264.30,2025-01-17
2428,120,179.38,2025-01-03
2429,564,215.93,2025-02-04
2430,476,457.83,2025-01-22
2431,1825,198.06,2025-02-11
2432,1756,286.64,2025-02-07
2433,982,154.29,2025-01-03
2434,109,421.26,2025-01-15
2435,2463,303.31,2025-02-20
2436,2059,414.16,2025-03-10
2437,1358,459.41,2025-01-02
2438,1864,194.69,2025-03-06
2439,669,233.53,2025-01-27
2440,2639,75.03,2025-01-02
2441,1005,354.28,2025-03-03
2442,2158,308.90,2025-03-02
2443,1668,197.41,2025-02-19
2444,619,304.80,2025-01-30
2445,270,288.53,2025-02-02
2446,1118,400.41,2025-03-04
2447,1448,351.12,2025-02-08
2448,2383,134.81,2025-01-03
2449,1253,119.51,2025-01-05
2450,1353,107.81,2025-03-11
2451,1356,85.55,2025-02-24
2452,1609,342.29,2025-01-24
2453,2288,182.55,2025-01-05
2454,1611,82.15,2025-03-07
2455,2877,469.19,2025-02-03
2456,444,400.69,2025-02-19
2457,647,205.67,2025-01-13
2458,1255,128.30,2025-01-10
2459,776,149.77,2025-01-03
2460,2284,239.14,2025-02-26
2461,860,276.47,2025-01-01
2462,1453,286.47,2025-01-21
2463,468,199.38,2025-02-27
2464,2047,135.58,2025-02-10
2465,1205,494.84,2025-02-13
2466,2657,242.53,2025-01-03
2467,134,288.22,2025-03-05
2468,948,421.07,2025-01-25
2469,1756,236.51,2025-03-05
2470,1475,380.41,2025-02-17
2471,32,353.31,2025-01-23
2472,1895,260.69,2025-02-17
2473,1104,490.74,2025-02-23
2474,2187,118.84,2025-02-23
2475,861,446.63,2025-01-28
2476,2829,145.48,2025-02-09
2477,588,344.43,2025-02-16
2478,2160,420.84,2025-01-05
2479,1288,437.77,2025-02-13
2480,443,455.84,2025-02-26
2481,119,438.92,2025-01-20
2482,2710,232.65,2025-02-10
2483,946,352.44,2025-02-28
2484,832,286.58,2025-02-08
2485,1329,289.66,2025-01-01
2486,2411,307.79,2025-02-22
2487,1400,117.06,2025-01-04
2488,1950,462.44,2025-03-09
2489,909,437.14,2025-01-06
2490,2223,170.57,2025-01-09
2491,2290,434.59,2025-02-23
2492,2783,474.87,2025-03-05
2493,1033,352.12,2025-02-16
2494,2721,117.34,2025-02-21
2495,2084,193.77,2025-01-28
2496,2651,367.38,2025-01-09
2497,2059,414.52,2025-01-29
2498,1050,218.99,2025-02-28
2499,1811,175.99,2025-03-11
2500,2101,380.45,2025-02-26
2501,302,286.51,2025-01-10
2502,78,444.54,2025-01-10
2503,2081,129.05,2025-02-27
2504,2377,375.14,2025-01-21
2505,2548,342.65,2025-01-06
2506,1895,312.80,2025-01-21
2507,1201,91.08,2025-01-26
2508,1012,287.36,2025-01-22
2509,2662,91.85,2025-01-20
2510,1184,147.93,2025-02-06
2511,2160,452.35,2025-02-12
2512,945,361.37,2025-03-08
2513,1887,409.20,2025-03-10
2514,333,426.66,2025-01-30
2515,2320,224.82,2025-01-08
2516,688,159.07,2025-02-24
2517,2450,177.93,2025-03-12
2518,1977,117.07,2025-03-08
2519,1543,211.49,2025-02-16
2520,1525,244.78,2025-02-21
2521,2812,422.11,2025-02-03
2522,2788,315.08,2025-02-10
2523,2368,433.08,2025-03-07
2524,2555,178.22,2025-01-15
2525,895,71.08,2025-02-03
2526,1621,56.09,2025-01-20
2527,754,104.73,2025-02-24
2528,1175,320.63,2025-02-17
2529,867,61.21,2025-01-13
2530,442,497.01,2025-02-05
2531,27,92.94,2025-02-22
2532,406,136.45,2025-02-27
2533,2454,154.95,2025-02-05
2534,2674,240.09,2025-02-08
2535,1203,80.00,2025-03-08
2536,941,239.51,2025-03-13
2537,90,209.90,2025-02-12
2538,2737,167.99,2025-03-07
2539,1529,108.53,2025-01-17
2540,2224,189.78,2025-03-11
2541,1276,85.60,2025-02-02
2542,1065,483.19,2025-01-13
2543,2054,196.62,2025-02-25
2544,568,180.36,2025-02-12
2545,493,97.87,2025-02-17
2546,1167,143.85,2025-02-11
2547,828,351.39,2025-03-06
2548,969,458.49,2025-01-25
2549,406,66.21,2025-02-15
2550,2645,467.90,2025-02-03
2551,1525,203.60,2025-01-25
2552,2024,328.63,2025-01-14
2553,2629,232.96,2025-02-18
2554,892,147.80,2025-02-18
2555,1088,145.92,2025-02-24
2556,1351,224.58,2025-02-10
2557,2087,138.33,2025-02-03
2558,1389,295.15,2025-01-13
2559,2646,259.97,2025-03-09
2560,2205,278.51,2025-01-21
2561,1793,439.83,2025-02-25
2562,1014,378.99,2025-01-22
2563,2804,387.20,2025-01-30
2564,1842,330.14,2025-03-15
2565,2596,235.77,2025-02-16
2566,2095,369.60,2025-01-10
2567,1844,56.63,2025-02-13
2568,1478,199.92,2025-03-13
2569,1944,116.88,2025-01-12
2570,1229,416.76,2025-01-30
2571,650,134.34,2025-02-25
2572,607,236.25,2025-03-10
2573,1667,285.28,2025-03-12
2574,2357,371.17,2025-01-26
2575,547,289.22,2025-01-02
2576,1554,258.16,2025-03-12
2577,355,350.21,2025-02-24
2578,529,442.30,2025-03-10
2579,202,499.41,2025-01-19
2580,619,208.62,2025-03-08
2581,2794,194.76,2025-02-11
2582,1243,350.98,2025-02-01
2583,1361,179.35,2025-01-26
2584,273,494.27,2025-03-14
2585,1368,333.71,2025-01-11
2586,2584,397.52,2025-02-16
2587,2231,266.00,2025-01-18
2588,2856,198.75,2025-01-03
2589,1283,186.80,2025-02-20
2590,1892,67.94,2025-02-18
2591,1897,416.84,2025-01-08
2592,217,191.99,2025-03-07
2593,324,126.88,2025-01-18
2594,1364,254.64,2025-01-14
2595,1963,200.07,2025-03-03
2596,159,163.79,2025-01-30
2597,1308,478.54,2025-01-14
2598,2198,365.58,2025-01-18
2599,312,473.37,2025-01-25
2600,1279,316.46,2025-02-13
2601,457,86.39,2025-03-02
2602,1200,174.74,2025-02-15
2603,2232,173.36,2025-01-14
2604,1902,425.84,2025-02-11
2605,890,344.80,2025-01-01
2606,1177,167.61,2025-01-09
2607,68,388.52,2025-02-17
2608,1370,294.56,2025-01-23
2609,2557,493.62,2025-01-07
2610,610,92.66,2025-02-07
2611,2151,406.79,2025-03-13
2612,1047,198.49,2025-03-04
2613,63,162.73,2025-01-22
2614,1533,317.24,2025-01-04
2615,236,131.39,2025-02-17
2616,2210,290.05,2025-01-25
2617,1343,365.35,2025-02-19
2618,2438,129.16,2025-01-18
2619,1193,207.88,2025-03-09
2620,2346,475.90,2025-02-17
2621,620,190.96,2025-01-17
2622,1563,252.04,2025-01-02
2623,2707,195.34,2025-01-01
2624,1746,318.76,2025-01-08
2625,2797,172.25,2025-02-08
2626,1110,338.15,2025-01-25
2627,1742,124.36,2025-03-06
2628,2802,168.85,2025-01-04
2629,125,400.50,2025-01-04
2630,192,383.16,2025-01-21
2631,1329,382.85,2025-02-01
2632,1158,75.39,2025-03-13
2633,1171,83.96,2025-02-23
2634,1932,94.78,2025-01-28
2635,2922,257.45,2025-01-14
2636,2130,176.55,2025-02-13
2637,708,377.98,2025-01-12
2638,2061,431.09,2025-02-02
2639,1104,139.00,2025-01-22
2640,1703,262.16,2025-01-15
2641,575,72.06,2025-01-31
2642,2801,314.14,2025-02-07
2643,964,68.86,2025-02-08
2644,2873,450.97,2025-02-17
2645,2698,305.20,2025-01-22
2646,1674,54.13,2025-01-29
2647,651,99.37,2025-01-31
2648,2305,355.45,2025-01-12
2649,2634,445.42,2025-01-14
2650,890,232.82,2025-03-09
2651,2238,102.14,2025-02-14
2652,2658,423.26,2025-02-10
2653,648,218.76,2025-02-14
2654,1442,289.87,2025-03-07
2655,2216,387.89,2025-03-14
2656,1049,123.57,2025-01-17
2657,996,194.40,2025-03-03
2658,1706,417.14,2025-03-06
2659,631,158.99,2025-03-09
2660,1908,97.69,2025-01-27
2661,568,341.18,2025-03-11
2662,55,338.55,2025-03-04
2663,1291,67.02,2025-02-22
2664,428,343.19,2025-03-11
2665,836,128.85,2025-01-31
2666,2490,256.41,2025-03-04
2667,962,261.81,2025-01-01
2668,2852,404.10,2025-02-01
2669,139,301.90,2025-02-13
2670,2046,458.95,2025-02-04
2671,210,183.09,2025-02-18
2672,1705,96.26,2025-02-24
2673,1770,86.43,2025-03-14
2674,1643,269.17,2025-02-21
2675,1811,263.88,2025-02-05
2676,2366,225.59,2025-03-08
2677,222,458.35,2025-01-12
2678,1833,375.57,2025-01-01
2679,1590,114.88,2025-03-01
2680,1558,242.23,2025-01-17
2681,2277,358.26,2025-01-04
2682,728,188.02,2025-01-23
2683,1127,326.14,2025-01-04
2684,2131,63.54,2025-02-13
2685,1160,319.62,2025-01-22
2686,285,257.97,2025-02-17
2687,1594,282.90,2025-01-19
2688,1916,174.31,2025-02-10
2689,2966,411.52,2025-01-22
2690,2463,360.21,2025-03-09
2691,1445,195.25,2025-02-14
2692,1006,175.37,2025-02-22
2693,1204,310.54,2025-01-19
2694,745,246.77,2025-01-05
2695,1131,76.10,2025-03-05
2696,1820,364.65,2025-01-25
2697,1663,263.94,2025-03-01
2698,1211,244.55,2025-01-27
2699,2819,156.16,2025-02-03
2700,1577,285.74,2025-03-01
2701,1482,183.00,2025-01-14
2702,1853,261.56,2025-02-17
2703,2086,251.12,2025-02-07
2704,1542,444.85,2025-02-08
2705,2663,253.63,2025-03-11
2706,479,299.32,2025-02-09
2707,2754,499.71,2025-03-08
2708,1925,156.60,2025-03-10
2709,2311,260.34,2025-01-03
2710,439,423.09,2025-01-27
2711,603,181.12,2025-02-13
2712,86,287.34,2025-02-12
2713,433,250.11,2025-03-07
2714,1982,206.62,2025-02-27
2715,1887,310.94,2025-01-17
2716,2578,242.13,2025-02-27
2717,1125,282.65,2025-01-03
2718,1386,372.76,2025-01-08
2719,1885,118.04,2025-01-17
2720,1649,355.72,2025-02-23
2721,893,92.57,2025-01-14
2722,791,453.20,2025-01-01
2723,1354,472.72,2025-03-04
2724,2799,230.88,2025-03-05
2725,644,150.16,2025-01-13
2726,471,234.34,2025-02-24
2727,1365,89.39,2025-03-15
2728,1057,52.59,2025-01-13
2729,882,111.49,2025-02-22
2730,895,282.52,2025-03-11
2731,1649,337.26,2025-02-05
2732,2438,96.01,2025-03-03
2733,1528,404.88,2025-03-10
2734,137,123.26,2025-01-01
2735,1494,390.21,2025-03-13
2736,1716,283.70,2025-01-18
2737,186,100.70,2025-01-17
2738,1398,329.65,2025-02-08
2739,2954,276.16,2025-02-05
2740,1799,200.57,2025-01-30
2741,2930,350.35,2025-01-26
2742,2975,406.45,2025-02-19
2743,159,69.55,2025-01-04
2744,1675,249.96,2025-02-21
2745,489,138.22,2025-01-16
2746,2687,229.53,2025-01-09
2747,2340,405.30,2025-01-13
2748,393,226.03,2025-01-17
2749,1151,304.67,2025-02-12
2750,1243,322.28,2025-03-11
2751,904,453.04,2025-01-24
2752,1942,468.27,2025-01-11
2753,1482,159.21,2025-01-26
2754,441,185.98,2025-02-09
2755,2884,326.07,2025-03-01
2756,2145,106.78,2025-02-12
2757,1560,101.91,2025-03-02
2758,1536,158.81,2025-02-05
2759,2707,474.87,2025-03-12
2760,2724,307.59,2025-01-04
2761,49,228.06,2025-01-19
2762,1815,400.05,2025-02-20
2763,59,444.77,2025-01-25
2764,1972,443.98,2025-01-29
2765,206,441.09,2025-01-25
2766,2830,89.59,2025-01-21
2767,2880,396.58,2025-03-06
2768,2660,362.31,2025-03-07
2769,261,219.74,2025-01-17
2770,1429,362.36,2025-01-19
2771,1021,421.09,2025-02-14
2772,2492,189.00,2025-01-22
2773,1267,452.49,2025-02-20
2774,2068,460.50,2025-01-11
2775,1038,180.66,2025-02-16
2776,2130,55.64,2025-01-10
2777,2561,149.58,2025-02-06
2778,1417,416.10,2025-01-17
2779,1575,389.57,2025-03-10
2780,1662,330.81,2025-03-13
2781,2141,211.63,2025-02-21
2782,1911,192.38,2025-01-20
2783,1476,455.46,2025-01-31
2784,608,297.23,2025-01-31
2785,1948,259.60,2025-02-24
2786,2171,298.52,2025-01-05
2787,2176,328.40,2025-03-05
2788,2456,303.90,2025-02-06
2789,328,461.57,2025-01-03
2790,1366,423.27,2025-03-03
2791,1395,261.92,2025-02-03
2792,626,127.03,2025-01-15
2793,468,192.46,2025-02-03
2794,2217,401.05,2025-01-25
2795,2053,89.14,2025-01-23
2796,2872,448.71,2025-02-13
2797,2933,412.29,2025-01-22
2798,2462,380.82,2025-02-11
2799,2029,493.82,2025-01-01
2800,1576,185.21,2025-01-02
2801,1267,481.63,2025-02-23
2802,1173,278.82,2025-01-15
2803,2243,435.67,2025-01-04
2804,1815,321.88,2025-03-01
2805,1284,417.18,2025-02-08
2806,500,348.34,2025-01-01
2807,741,449.51,2025-01-09
2808,1165,311.70,2025-02-10
2809,2170,126.67,2025-02-26
2810,2797,356.87,2025-01-16
2811,639,482.50,2025-03-05
2812,2116,483.98,2025-02-27
2813,2178,359.28,2025-01-20
2814,2077,406.43,2025-02-18
2815,1893,438.11,2025-01-27
2816,2177,225.65,2025-03-10
2817,1523,383.93,2025-02-19
2818,978,378.95,2025-03-08
2819,606,196.55,2025-03-09
2820,773,190.88,2025-02-06
2821,2110,311.29,2025-03-14
2822,648,269.48,2025-01-12
2823,2684,419.99,2025-02-22
2824,1017,217.52,2025-03-05
2825,1229,267.82,2025-03-06
2826,1916,153.66,2025-02-06
2827,119,117.51,2025-03-11
2828,2098,439.70,2025-02-07
2829,1466,403.88,2025-01-21
2830,1648,340.22,2025-01-14
2831,2574,337.49,2025-03-01
2832,2121,80.29,2025-01-29
2833,74,480.55,2025-02-18
2834,2403,66.43,2025-01-19
2835,1597,308.10,2025-03-01
2836,2420,363.55,2025-01-26
2837,235,127.36,2025-02-10
2838,521,113.91,2025-02-02
2839,1870,439.68,2025-02-10
2840,897,363.61,2025-01-25
2841,1451,216.83,2025-03-06
2842,2266,475.90,2025-01-09
2843,2285,177.87,2025-01-27
2844,2066,217.10,2025-02-12
2845,1774,87.63,2025-01-11
2846,726,370.50,2025-01-18
2847,2525,427.04,2025-03-01
2848,1365,151.95,2025-01-28
2849,1496,321.49,2025-02-21
2850,2793,253.03,2025-01-19
2851,2630,70.45,2025-01-12
2852,273,284.31,2025-02-24
2853,1741,186.76,2025-01-03
2854,2527,393.74,2025-01-28
2855,760,371.48,2025-03-04
2856,2753,70.75,2025-02-27
2857,75,359.36,2025-03-11
2858,2466,428.13,2025-01-26
2859,587,406.93,2025-02-26
2860,1906,70.61,2025-02-28
2861,2756,467.52,2025-03-09
2862,622,393.10,2025-03-05
2863,1519,113.50,2025-03-06
2864,1251,272.49,2025-01-30
2865,872,428.70,2025-01-29
2866,9,148.03,2025-01-30
2867,2586,312.80,2025-01-11
2868,2773,165.27,2025-03-14
2869,2453,80.43,2025-02-16
2870,322,204.93,2025-01-06
2871,1721,370.46,2025-03-01
2872,1662,422.97,2025-01-13
2873,715,81.24,2025-03-13
2874,1431,164.41,2025-01-23
2875,1705,469.25,2025-03-14
2876,773,320.04,2025-01-22
2877,2210,357.39,2025-01-10
2878,2149,473.71,2025-01-31
2879,1812,167.13,2025-02-11
2880,2915,274.89,2025-01-27
2881,2598,66.39,2025-02-20
2882,2303,100.21,2025-02-10
2883,2353,421.23,2025-01-07
2884,1304,498.83,2025-01-20
2885,792,164.28,2025-02-13
2886,2199,156.55,2025-02-14
2887,1047,312.52,2025-01-04
2888,1772,87.41,2025-01-18
2889,2949,245.16,2025-01-29
2890,2019,347.11,2025-01-28
2891,2289,471.72,2025-02-06
2892,2133,444.88,2025-02-15
2893,1469,346.32,2025-01-23
2894,1921,59.29,2025-02-02
2895,478,172.84,2025-01-08
2896,1331,247.81,2025-02-28
2897,1977,349.64,2025-03-09
2898,2275,264.93,2025-02-16
2899,270,288.03,2025-01-15
2900,2695,259.36,2025-03-13
2901,375,455.51,2025-01-12
2902,824,486.23,2025-01-29
2903,201,101.71,2025-01-09
2904,2512,185.90,2025-03-14
2905,2808,200.45,2025-02-05
2906,1832,432.23,2025-01-08
2907,2699,66.47,2025-01-08
2908,2545,125.35,2025-01-27
2909,1449,218.44,2025-01-17
2910,1749,172.00,2025-01-24
2911,2269,463.36,2025-02-26
2912,1116,428.48,2025-02-28
2913,799,372.99,2025-02-23
2914,1670,265.52,2025-03-15
2915,253,142.56,2025-01-17
2916,1623,214.34,2025-01-28
2917,2535,268.09,2025-01-10
2918,2108,274.23,2025-02-13
2919,342,163.04,2025-02-28
2920,989,322.66,2025-03-13
2921,2498,308.18,2025-02-23
2922,904,349.57,2025-03-14
2923,1667,341.74,2025-03-04
2924,2552,300.35,2025-03-02
2925,270,322.68,2025-03-10
2926,1984,489.01,2025-01-17
2927,2439,190.56,2025-03-06
2928,1786,306.86,2025-01-18
2929,1286,488.38,2025-02-18
2930,2414,301.97,2025-01-15
2931,2,469.47,2025-03-12
2932,2283,492.14,2025-01-29
2933,2637,367.01,2025-02-03
2934,757,156.71,2025-01-24
2935,746,343.59,2025-02-12
2936,103,147.25,2025-01-18
2937,2326,341.36,2025-02-01
2938,1195,320.62,2025-03-15
2939,597,408.56,2025-02-01
2940,288,276.27,2025-02-26
2941,2356,85.26,2025-01-09
2942,2268,291.01,2025-01-09
2943,902,416.44,2025-02-14
2944,1865,103.89,2025-01-20
2945,991,427.25,2025-01-01
2946,2644,98.83,2025-02-25
2947,2009,134.91,2025-01-02
2948,2320,491.06,2025-03-13
2949,1105,406.04,2025-02-26
2950,125,339.25,2025-02-02
2951,645,337.51,2025-01-27
2952,2089,497.26,2025-01-12
2953,2847,224.12,2025-01-14
2954,1330,224.45,2025-03-04
2955,162,183.10,2025-01-26
2956,592,447.62,2025-02-11
2957,147,154.33,2025-02-14
2958,529,189.99,2025-02-19
2959,1681,351.44,2025-01-15
2960,2302,92.29,2025-02-21
2961,1138,289.33,2025-03-09
2962,1333,96.48,2025-02-14
2963,1787,101.77,2025-02-20
2964,2660,268.03,2025-01-07
2965,2333,371.96,2025-02-20
2966,2156,130.95,2025-02-23
2967,1090,236.22,2025-02-22
2968,808,259.01,2025-02-12
2969,2751,499.43,2025-03-05
2970,765,63.46,2025-02-05
2971,752,157.25,2025-03-08
2972,1089,101.19,2025-02-15
2973,845,109.14,2025-01-25
2974,1657,277.78,2025-02-12
2975,2435,110.16,2025-02-28
2976,1674,162.53,2025-01-04
2977,2498,236.82,2025-03-01
2978,2397,317.53,2025-02-06
2979,2,170.59,2025-01-27
2980,2808,393.89,2025-03-13
2981,2008,306.28,2025-02-25
2982,945,303.43,2025-01-21
2983,1808,221.19,2025-02-14
2984,2528,395.29,2025-03-07
2985,162,399.05,2025-03-09
2986,1884,312.46,2025-01-22
2987,2067,220.22,2025-03-08
2988,1145,177.31,2025-01-20
2989,2247,133.23,2025-02-05
2990,2948,154.27,2025-02-05
2991,200,162.92,2025-03-13
2992,1907,86.36,2025-01-14
2993,1486,126.95,2025-01-03
2994,2156,431.20,2025-01-15
2995,1855,253.00,2025-01-01
2996,1704,423.86,2025-02-25
2997,2316,327.91,2025-03-02
2998,2752,167.13,2025-02-06
2999,403,60.76,2025-03-06
3000,413,142.31,2025-03-14
